,as_caida20040105,as_caida20040705,as_caida20050103,as_caida20050704,as_caida20060116,as_caida20060417,as_caida20060918,as_caida20070115,as_caida20070730,as_caida20071105,cit_citeseer,cit_cora,cit_dblp_cite,cit_HepPh,cit_HepTh,cit_Kohonen,cit_Lederberg,cit_SciMet,cit_Zewail,elec_b12_0,elec_b14s_0,elec_b15s_0,elec_b17s_0,elec_b20s_0,elec_b21s_0,elec_b22s_0,elec_s13207_0,elec_s15850_0,elec_s38417_0,elec_s38584_0,elec_s5378_0,elec_s9234_0,hl_berkstan_web,hl_foldoc,hl_google,hl_google_web,hl_notre_dame_web,hl_polblogs,hl_stanford_web,hl_trec_web,hl_wiki_hyperLink_uz,hl_wiki_link_dyn_add,hl_wiki_link_dyn_rem,soc_academia_eu,soc_email_Eu_core,soc_google_plus,soc_myspace_aminer,soc_qa_user_askubuntu,soc_qa_user_mathoverflow,soc_twitter_event_Cannes2013,soc_twitter_event_MoscvowAthletics2013,soc_twitter_event_NYClimateMarch2014,soc_wiki_talk_ar,soc_wiki_talk_fr,sps_nosym_amazon0302,sps_nosym_amazon0312,sps_nosym_amazon0505,sps_nosym_amazon0601,sps_nosym_amazon_2008,sps_nosym_barth,sps_nosym_barth4,sps_nosym_barth5,sps_nosym_California,sps_nosym_cnr_2000,sps_nosym_CSphd,sps_nosym_email_EuAll,sps_nosym_enron,sps_nosym_EPA,sps_nosym_EVA,sps_nosym_GD06_Java,sps_nosym_HEP_th,sps_nosym_higgs_twitter,sps_nosym_NotreDame_www,sps_nosym_p2p_Gnutella04,sps_nosym_p2p_Gnutella05,sps_nosym_p2p_Gnutella06,sps_nosym_p2p_Gnutella08,sps_nosym_p2p_Gnutella09,sps_nosym_p2p_Gnutella24,sps_nosym_p2p_Gnutella25,sps_nosym_p2p_Gnutella30,sps_nosym_p2p_Gnutella31,sps_nosym_rajat01,sps_nosym_Roget,sps_nosym_soc_Epinions1,sps_nosym_soc_Slashdot0811,sps_nosym_soc_Slashdot0902,sps_nosym_Stanford_Berkeley,sps_nosym_wb_cs_stanford,sps_nosym_wiki_Vote,sps_sym_ca_AstroPh,sps_sym_ccc,sps_sym_copter2,sps_sym_delaunay_n15,sps_sym_fe_rotor,sps_sym_ford1,sps_sym_g3rmt3m3,sps_sym_jagmesh5,sps_sym_lock2232,sps_sym_lshp2614,sps_sym_lshp3466,sps_sym_net100,sps_sym_net75,sps_sym_onera_dual,sps_sym_pct20stif,sps_sym_pkustk11,sps_sym_pkustk12,sps_sym_rajat08,sps_sym_s4dkt3m2,sps_sym_shock_9,sps_sym_vsp_befref_fxm_2_4_air02,sps_sym_vsp_model1_crew1_cr42_south31,sps_sym_vsp_p0291_seymourl_iiasa,sps_sym_vsp_sctap1_2b_and_seymourl,sps_sym_vsp_vibrobox_scagr7_2c_rlfddd,trsp_chicago_road,trsp_openflights,trsp_street_network_01_AL_cities_0107000_Birmingham,trsp_street_network_01_AL_counties_01073_Jefferson,trsp_street_network_04_AZ_counties_04013_Maricopa,trsp_street_network_06_CA_cities_0653000_Oakland,trsp_street_network_36_NY_cities_3651000_NewYork,trsp_street_network_36_NY_counties_36081_Queens,trsp_street_network_48_TX_urbanizedAreas_22042_Dallas_FortWorth_Arlingto
as_caida20040105,1.000000e+00,3.842412e-01,3.705046e-01,3.595345e-01,3.775637e-01,3.347324e-01,3.819517e-01,3.959744e-01,3.597253e-01,5.136888e-01,1.036917e-01,1.751396e-01,9.062291e-03,1.182867e-02,2.365735e-02,0.000000e+00,0.000000e+00,0.000000e+00,0.000000e+00,0.000000e+00,0.000000e+00,0.000000e+00,0.000000e+00,0.000000e+00,0.000000e+00,0.000000e+00,0.000000e+00,0.000000e+00,0.000000e+00,0.000000e+00,0.000000e+00,0.000000e+00,7.325335e-03,7.485760e-02,1.681313e-01,4.534249e-03,2.494492e-02,4.258323e-01,1.765463e-02,5.929506e-03,1.046686e-01,2.048070e-02,1.460319e-01,6.709660e-03,3.288181e-01,2.045484e-02,0.000000e+00,4.381544e-02,1.132322e-01,1.035100e-01,3.166482e-01,3.704571e-01,2.823772e-01,5.910048e-02,1.265415e-03,1.252183e-03,1.157898e-03,1.190135e-03,7.341698e-04,0.000000e+00,0.000000e+00,0.000000e+00,1.182867e-02,1.835963e-02,0.000000e+00,1.298775e-01,1.454518e-01,0.000000e+00,0.000000e+00,4.368978e-02,2.365735e-02,3.221116e-03,3.098089e-02,0.000000e+00,0.000000e+00,0.000000e+00,0.000000e+00,0.000000e+00,0.000000e+00,0.000000e+00,0.000000e+00,0.000000e+00,0.000000e+00,2.007059e-01,4.959900e-02,5.086422e-02,4.886423e-02,1.895922e-02,4.502528e-02,4.498960e-01,,,,,,,,,,,,,,,,,,,,,,,,,,0.000000e+00,3.904981e-01,0.000000e+00,0.000000e+00,9.462940e-02,1.182867e-02,2.365735e-02,0.000000e+00,1.182867e-01
as_caida20040705,,1.000000e+00,3.867033e-01,3.749450e-01,3.088948e-01,3.035007e-01,3.597534e-01,3.505967e-01,3.546896e-01,4.021377e-01,1.176794e-01,1.725619e-01,8.476442e-03,1.365037e-02,2.730075e-02,0.000000e+00,0.000000e+00,0.000000e+00,0.000000e+00,0.000000e+00,0.000000e+00,0.000000e+00,0.000000e+00,0.000000e+00,0.000000e+00,0.000000e+00,0.000000e+00,0.000000e+00,0.000000e+00,0.000000e+00,0.000000e+00,0.000000e+00,6.228186e-03,6.075259e-02,1.492790e-01,3.735970e-03,2.110730e-02,3.800088e-01,1.499165e-02,5.181308e-03,8.478265e-02,1.611178e-02,1.148906e-01,5.253049e-03,3.051519e-01,1.612739e-02,0.000000e+00,3.408416e-02,9.100181e-02,8.213585e-02,2.511607e-01,2.884585e-01,2.280702e-01,4.879585e-02,1.150437e-03,1.004065e-03,9.162461e-04,9.440620e-04,5.770354e-04,0.000000e+00,0.000000e+00,0.000000e+00,1.365037e-02,1.529549e-02,0.000000e+00,9.600385e-02,1.200029e-01,0.000000e+00,0.000000e+00,3.588727e-02,2.730075e-02,2.554874e-03,2.712493e-02,0.000000e+00,0.000000e+00,0.000000e+00,0.000000e+00,0.000000e+00,0.000000e+00,0.000000e+00,0.000000e+00,0.000000e+00,0.000000e+00,2.197270e-01,3.967539e-02,4.010287e-02,3.897783e-02,1.607933e-02,4.733598e-02,3.636823e-01,,,,,,,,,,,,,,,,,,,,,,,,,,0.000000e+00,2.998352e-01,0.000000e+00,0.000000e+00,1.092030e-01,1.365037e-02,2.730075e-02,0.000000e+00,1.365037e-01
as_caida20050103,,,1.000000e+00,3.459341e-01,2.886813e-01,3.059341e-01,3.465934e-01,3.508157e-01,3.105495e-01,4.168599e-01,1.418681e-01,2.065015e-01,1.175824e-02,1.626374e-02,3.252747e-02,0.000000e+00,0.000000e+00,0.000000e+00,0.000000e+00,0.000000e+00,0.000000e+00,0.000000e+00,0.000000e+00,0.000000e+00,0.000000e+00,0.000000e+00,0.000000e+00,0.000000e+00,0.000000e+00,0.000000e+00,0.000000e+00,0.000000e+00,7.413558e-03,7.370676e-02,1.764684e-01,4.404401e-03,2.578234e-02,4.108791e-01,1.763069e-02,6.168785e-03,9.801454e-02,1.834082e-02,1.296602e-01,6.002395e-03,3.134066e-01,1.773047e-02,0.000000e+00,3.713999e-02,9.792731e-02,9.596418e-02,2.874199e-01,3.325174e-01,2.563366e-01,5.376805e-02,1.402155e-03,1.201509e-03,1.094443e-03,1.129489e-03,6.878503e-04,0.000000e+00,0.000000e+00,0.000000e+00,1.626374e-02,1.543519e-02,0.000000e+00,9.926821e-02,1.277316e-01,0.000000e+00,0.000000e+00,4.021978e-02,3.252747e-02,2.767703e-03,3.283909e-02,0.000000e+00,0.000000e+00,0.000000e+00,0.000000e+00,0.000000e+00,0.000000e+00,0.000000e+00,0.000000e+00,0.000000e+00,0.000000e+00,2.643956e-01,4.390786e-02,4.373838e-02,4.257022e-02,1.929196e-02,5.659341e-02,3.941438e-01,,,,,,,,,,,,,,,,,,,,,,,,,,0.000000e+00,3.463440e-01,0.000000e+00,0.000000e+00,1.301099e-01,1.626374e-02,3.252747e-02,0.000000e+00,1.626374e-01
as_caida20050704,,,,1.000000e+00,4.604721e-01,4.658249e-01,4.957453e-01,3.774225e-01,5.284107e-01,4.557830e-01,8.921219e-02,1.106258e-01,1.454845e-02,9.332967e-03,1.866593e-02,0.000000e+00,0.000000e+00,0.000000e+00,0.000000e+00,0.000000e+00,0.000000e+00,0.000000e+00,0.000000e+00,0.000000e+00,0.000000e+00,0.000000e+00,0.000000e+00,0.000000e+00,0.000000e+00,0.000000e+00,0.000000e+00,0.000000e+00,5.286014e-03,5.089311e-02,1.018477e-01,3.204436e-03,1.698184e-02,5.083722e-01,1.199814e-02,3.909662e-03,7.392398e-02,1.509876e-02,1.079803e-01,4.948696e-03,4.286302e-01,1.603122e-02,0.000000e+00,3.414697e-02,9.108551e-02,7.509243e-02,2.080478e-01,2.512638e-01,2.194538e-01,4.753461e-02,8.228019e-04,8.521968e-04,7.919711e-04,8.124341e-04,5.057096e-04,0.000000e+00,0.000000e+00,0.000000e+00,9.332967e-03,1.481001e-02,0.000000e+00,9.902366e-02,1.233057e-01,0.000000e+00,0.000000e+00,3.129289e-02,1.866593e-02,2.613046e-03,2.296431e-02,0.000000e+00,0.000000e+00,0.000000e+00,0.000000e+00,0.000000e+00,0.000000e+00,0.000000e+00,0.000000e+00,0.000000e+00,0.000000e+00,1.584208e-01,3.845552e-02,3.981384e-02,3.870239e-02,1.232086e-02,3.842987e-02,3.695273e-01,,,,,,,,,,,,,,,,,,,,,,,,,,0.000000e+00,2.974803e-01,0.000000e+00,0.000000e+00,7.466374e-02,9.332967e-03,1.866593e-02,0.000000e+00,9.332967e-02
as_caida20060116,,,,,1.000000e+00,4.669776e-01,4.415793e-01,3.581518e-01,4.411847e-01,4.314813e-01,6.285420e-02,6.207934e-02,1.339516e-02,6.182380e-03,1.236476e-02,0.000000e+00,0.000000e+00,0.000000e+00,0.000000e+00,0.000000e+00,0.000000e+00,0.000000e+00,0.000000e+00,0.000000e+00,0.000000e+00,0.000000e+00,0.000000e+00,0.000000e+00,0.000000e+00,0.000000e+00,0.000000e+00,0.000000e+00,3.982574e-03,4.060327e-02,7.184167e-02,2.532593e-03,1.278905e-02,5.861240e-01,9.149367e-03,2.853500e-03,6.132794e-02,1.273221e-02,9.107224e-02,4.191156e-03,5.057530e-01,1.385672e-02,0.000000e+00,2.980551e-02,7.883724e-02,6.138605e-02,1.732921e-01,2.132177e-01,1.873340e-01,4.077565e-02,5.512905e-04,6.897238e-04,6.515601e-04,6.661682e-04,4.192250e-04,0.000000e+00,0.000000e+00,0.000000e+00,6.182380e-03,1.289107e-02,0.000000e+00,9.384367e-02,1.043241e-01,0.000000e+00,0.000000e+00,4.052894e-02,1.236476e-02,2.297677e-03,1.649331e-02,0.000000e+00,0.000000e+00,0.000000e+00,0.000000e+00,0.000000e+00,0.000000e+00,0.000000e+00,0.000000e+00,0.000000e+00,0.000000e+00,9.745127e-02,3.341139e-02,3.508141e-02,3.361430e-02,9.535451e-03,3.228576e-02,3.194515e-01,,,,,,,,,,,,,,,,,,,,,,,,,,0.000000e+00,2.496762e-01,0.000000e+00,0.000000e+00,4.945904e-02,6.182380e-03,1.236476e-02,0.000000e+00,6.182380e-02
as_caida20060417,,,,,,1.000000e+00,4.564394e-01,3.779700e-01,4.323833e-01,3.945750e-01,1.033549e-01,1.132035e-01,1.669926e-02,1.083195e-02,2.166391e-02,0.000000e+00,0.000000e+00,0.000000e+00,0.000000e+00,0.000000e+00,0.000000e+00,0.000000e+00,0.000000e+00,0.000000e+00,0.000000e+00,0.000000e+00,0.000000e+00,0.000000e+00,0.000000e+00,0.000000e+00,0.000000e+00,0.000000e+00,5.249856e-03,5.366382e-02,1.048145e-01,3.199290e-03,1.714713e-02,5.297127e-01,1.214766e-02,3.983907e-03,7.315828e-02,1.455928e-02,1.009874e-01,4.764503e-03,4.292162e-01,1.510009e-02,0.000000e+00,3.179105e-02,8.336640e-02,7.339011e-02,2.057042e-01,2.422711e-01,2.092817e-01,4.474173e-02,8.721002e-04,8.709541e-04,8.066787e-04,8.296638e-04,5.121297e-04,0.000000e+00,0.000000e+00,0.000000e+00,1.083195e-02,1.336419e-02,0.000000e+00,9.318784e-02,1.125120e-01,0.000000e+00,0.000000e+00,3.881450e-02,2.166391e-02,2.419715e-03,2.294278e-02,0.000000e+00,0.000000e+00,0.000000e+00,0.000000e+00,0.000000e+00,0.000000e+00,0.000000e+00,0.000000e+00,0.000000e+00,0.000000e+00,1.684158e-01,3.630085e-02,3.714518e-02,3.634392e-02,1.276862e-02,4.513314e-02,3.332209e-01,,,,,,,,,,,,,,,,,,,,,,,,,,0.000000e+00,2.755210e-01,0.000000e+00,0.000000e+00,8.665563e-02,1.083195e-02,2.166391e-02,0.000000e+00,1.083195e-01
as_caida20060918,,,,,,,1.000000e+00,3.896858e-01,4.773680e-01,4.378340e-01,1.271853e-01,1.444222e-01,1.529720e-02,1.398601e-02,2.797203e-02,0.000000e+00,0.000000e+00,0.000000e+00,0.000000e+00,0.000000e+00,0.000000e+00,0.000000e+00,0.000000e+00,0.000000e+00,0.000000e+00,0.000000e+00,0.000000e+00,0.000000e+00,0.000000e+00,0.000000e+00,0.000000e+00,0.000000e+00,6.036864e-03,6.039960e-02,1.306519e-01,3.651097e-03,1.986705e-02,5.435606e-01,1.415162e-02,4.741498e-03,8.352886e-02,1.640828e-02,1.164721e-01,5.366987e-03,4.379371e-01,1.659129e-02,0.000000e+00,3.527259e-02,9.241233e-02,8.289190e-02,2.438647e-01,2.876603e-01,2.295780e-01,4.913272e-02,1.036372e-03,1.001555e-03,9.238076e-04,9.503930e-04,5.855380e-04,0.000000e+00,0.000000e+00,0.000000e+00,1.398601e-02,1.494513e-02,0.000000e+00,1.005095e-01,1.227469e-01,0.000000e+00,0.000000e+00,4.516317e-02,2.797203e-02,2.640388e-03,2.621816e-02,0.000000e+00,0.000000e+00,0.000000e+00,0.000000e+00,0.000000e+00,0.000000e+00,0.000000e+00,0.000000e+00,0.000000e+00,0.000000e+00,2.098951e-01,4.021423e-02,4.072289e-02,3.965893e-02,1.500896e-02,5.390443e-02,3.690215e-01,,,,,,,,,,,,,,,,,,,,,,,,,,0.000000e+00,3.164371e-01,0.000000e+00,0.000000e+00,1.118881e-01,1.398601e-02,2.797203e-02,0.000000e+00,1.398601e-01
as_caida20070115,,,,,,,,1.000000e+00,3.948319e-01,4.349098e-01,1.324866e-01,1.944723e-01,1.335815e-02,1.489105e-02,2.978211e-02,0.000000e+00,0.000000e+00,0.000000e+00,0.000000e+00,0.000000e+00,0.000000e+00,0.000000e+00,0.000000e+00,0.000000e+00,0.000000e+00,0.000000e+00,0.000000e+00,0.000000e+00,0.000000e+00,0.000000e+00,0.000000e+00,0.000000e+00,7.369681e-03,7.628889e-02,1.700090e-01,4.410831e-03,2.441803e-02,4.222052e-01,1.768464e-02,6.048446e-03,9.800111e-02,1.897856e-02,1.309804e-01,6.178938e-03,3.457790e-01,1.848690e-02,0.000000e+00,3.907568e-02,1.021806e-01,9.825670e-02,2.933893e-01,3.349119e-01,2.590891e-01,5.483435e-02,1.373659e-03,1.211023e-03,1.106678e-03,1.142091e-03,6.953560e-04,0.000000e+00,0.000000e+00,0.000000e+00,1.489105e-02,1.667692e-02,0.000000e+00,1.095430e-01,1.348297e-01,0.000000e+00,0.000000e+00,4.423519e-02,2.978211e-02,2.889917e-03,3.252966e-02,0.000000e+00,0.000000e+00,0.000000e+00,0.000000e+00,0.000000e+00,0.000000e+00,0.000000e+00,0.000000e+00,0.000000e+00,0.000000e+00,2.518340e-01,4.537470e-02,4.590882e-02,4.450283e-02,1.877000e-02,5.496551e-02,4.092621e-01,,,,,,,,,,,,,,,,,,,,,,,,,,0.000000e+00,3.451077e-01,0.000000e+00,0.000000e+00,1.191284e-01,1.489105e-02,2.978211e-02,0.000000e+00,1.489105e-01
as_caida20070730,,,,,,,,,1.000000e+00,4.603207e-01,1.186085e-01,1.411285e-01,1.131601e-02,1.341157e-02,2.682313e-02,0.000000e+00,0.000000e+00,0.000000e+00,0.000000e+00,0.000000e+00,0.000000e+00,0.000000e+00,0.000000e+00,0.000000e+00,0.000000e+00,0.000000e+00,0.000000e+00,0.000000e+00,0.000000e+00,0.000000e+00,0.000000e+00,0.000000e+00,5.653157e-03,5.425858e-02,1.245681e-01,3.387785e-03,1.816989e-02,5.086616e-01,1.323462e-02,4.468575e-03,7.811073e-02,1.543191e-02,1.117139e-01,5.044321e-03,4.175747e-01,1.586375e-02,0.000000e+00,3.408317e-02,9.120331e-02,7.799955e-02,2.306876e-01,2.690363e-01,2.194778e-01,4.811851e-02,9.630898e-04,9.026094e-04,8.300407e-04,8.535826e-04,5.258588e-04,0.000000e+00,0.000000e+00,0.000000e+00,1.341157e-02,1.497497e-02,0.000000e+00,9.950534e-02,1.217954e-01,0.000000e+00,0.000000e+00,4.051411e-02,2.682313e-02,2.559446e-03,2.449155e-02,0.000000e+00,0.000000e+00,0.000000e+00,0.000000e+00,0.000000e+00,0.000000e+00,0.000000e+00,0.000000e+00,0.000000e+00,0.000000e+00,2.016492e-01,3.853716e-02,3.975397e-02,3.845821e-02,1.378404e-02,4.931545e-02,3.637948e-01,,,,,,,,,,,,,,,,,,,,,,,,,,0.000000e+00,2.944189e-01,0.000000e+00,0.000000e+00,1.072925e-01,1.341157e-02,2.682313e-02,0.000000e+00,1.341157e-01
as_caida20071105,,,,,,,,,,1.000000e+00,1.315922e-01,2.099384e-01,1.220127e-02,1.492387e-02,2.984774e-02,0.000000e+00,0.000000e+00,0.000000e+00,0.000000e+00,0.000000e+00,0.000000e+00,0.000000e+00,0.000000e+00,0.000000e+00,0.000000e+00,0.000000e+00,0.000000e+00,0.000000e+00,0.000000e+00,0.000000e+00,0.000000e+00,0.000000e+00,7.991618e-03,8.164657e-02,1.865330e-01,4.914606e-03,2.617193e-02,5.098316e-01,1.842413e-02,6.551611e-03,1.103509e-01,2.158015e-02,1.570403e-01,7.200789e-03,3.785419e-01,2.203682e-02,0.000000e+00,4.679899e-02,1.215621e-01,1.117631e-01,3.225735e-01,3.856223e-01,2.975755e-01,6.370077e-02,1.453635e-03,1.345837e-03,1.234968e-03,1.269719e-03,7.839005e-04,0.000000e+00,0.000000e+00,0.000000e+00,1.492387e-02,2.116033e-02,0.000000e+00,1.375141e-01,1.613796e-01,0.000000e+00,0.000000e+00,4.174650e-02,2.984774e-02,3.488438e-03,3.541266e-02,0.000000e+00,0.000000e+00,0.000000e+00,0.000000e+00,0.000000e+00,0.000000e+00,0.000000e+00,0.000000e+00,0.000000e+00,0.000000e+00,2.407986e-01,5.373078e-02,5.449079e-02,5.295606e-02,2.017310e-02,5.223354e-02,4.843478e-01,,,,,,,,,,,,,,,,,,,,,,,,,,0.000000e+00,4.202873e-01,0.000000e+00,0.000000e+00,1.193909e-01,1.492387e-02,2.984774e-02,0.000000e+00,1.492387e-01
cit_citeseer,,,,,,,,,,,1.000000e+00,4.794501e-01,3.179994e-02,1.210250e-01,2.420500e-01,0.000000e+00,0.000000e+00,0.000000e+00,0.000000e+00,0.000000e+00,0.000000e+00,0.000000e+00,0.000000e+00,0.000000e+00,0.000000e+00,0.000000e+00,0.000000e+00,0.000000e+00,0.000000e+00,0.000000e+00,0.000000e+00,0.000000e+00,7.759356e-03,1.093585e-01,3.412198e-01,4.941238e-03,2.619462e-02,2.518350e-01,1.840572e-02,9.676246e-03,7.488671e-02,1.230051e-02,8.273856e-02,4.699027e-03,1.047821e-01,1.057388e-02,0.000000e+00,1.841072e-02,4.307512e-02,9.357410e-02,2.580146e-01,2.592987e-01,1.313037e-01,2.465978e-02,2.790118e-03,1.516955e-03,1.275809e-03,1.335375e-03,7.791334e-04,0.000000e+00,0.000000e+00,0.000000e+00,1.210250e-01,9.370411e-03,0.000000e+00,3.863127e-02,5.955055e-02,0.000000e+00,0.000000e+00,8.582896e-02,2.420500e-01,1.241236e-03,4.445483e-02,0.000000e+00,0.000000e+00,0.000000e+00,0.000000e+00,0.000000e+00,0.000000e+00,0.000000e+00,0.000000e+00,0.000000e+00,0.000000e+00,6.184408e-01,2.548257e-02,2.172296e-02,2.141111e-02,2.504917e-02,2.963878e-01,1.767549e-01,,,,,,,,,,,,,,,,,,,,,,,,,,0.000000e+00,2.352526e-01,0.000000e+00,0.000000e+00,9.682001e-01,1.210250e-01,2.420500e-01,0.000000e+00,8.166667e-01
cit_cora,,,,,,,,,,,,1.000000e+00,1.432049e-02,5.814120e-02,1.162824e-01,0.000000e+00,0.000000e+00,0.000000e+00,0.000000e+00,0.000000e+00,0.000000e+00,0.000000e+00,0.000000e+00,0.000000e+00,0.000000e+00,0.000000e+00,0.000000e+00,0.000000e+00,0.000000e+00,0.000000e+00,0.000000e+00,0.000000e+00,1.668858e-02,2.284363e-01,7.096290e-01,1.053557e-02,5.620039e-02,2.334240e-01,3.963480e-02,2.033337e-02,1.641740e-01,2.722310e-02,1.832103e-01,1.023290e-02,8.191322e-02,2.331733e-02,0.000000e+00,4.137427e-02,9.682679e-02,2.017326e-01,5.616626e-01,5.673389e-01,2.937220e-01,5.526465e-02,5.797946e-03,3.211527e-03,2.711800e-03,2.836419e-03,1.657557e-03,0.000000e+00,0.000000e+00,0.000000e+00,5.814120e-02,2.042310e-02,0.000000e+00,8.738166e-02,1.331976e-01,0.000000e+00,0.000000e+00,4.410712e-02,1.162824e-01,2.783819e-03,9.375214e-02,0.000000e+00,0.000000e+00,0.000000e+00,0.000000e+00,0.000000e+00,0.000000e+00,0.000000e+00,0.000000e+00,0.000000e+00,0.000000e+00,7.409423e-01,5.631883e-02,4.872681e-02,4.803597e-02,5.297182e-02,1.442790e-01,3.976845e-01,,,,,,,,,,,,,,,,,,,,,,,,,,0.000000e+00,5.149535e-01,0.000000e+00,0.000000e+00,4.651296e-01,5.814120e-02,1.162824e-01,0.000000e+00,5.814120e-01
cit_dblp_cite,,,,,,,,,,,,,1.000000e+00,1.666667e-01,8.333333e-02,0.000000e+00,0.000000e+00,0.000000e+00,0.000000e+00,0.000000e+00,0.000000e+00,0.000000e+00,0.000000e+00,0.000000e+00,0.000000e+00,0.000000e+00,0.000000e+00,0.000000e+00,0.000000e+00,0.000000e+00,0.000000e+00,0.000000e+00,5.539964e-04,8.471708e-03,1.434580e-02,3.349307e-04,1.975169e-03,2.813702e-02,1.253048e-03,4.673430e-04,5.964428e-03,1.127148e-03,7.487933e-03,3.956481e-04,1.636557e-02,9.707865e-04,0.000000e+00,1.916246e-03,4.188160e-03,6.633693e-03,1.746628e-02,2.091204e-02,1.258945e-02,2.295208e-03,1.347055e-04,1.037013e-04,9.376073e-05,9.770199e-05,5.874513e-05,0.000000e+00,0.000000e+00,0.000000e+00,1.666667e-01,8.769388e-04,0.000000e+00,4.364822e-03,5.908583e-03,0.000000e+00,0.000000e+00,1.410256e-01,8.333333e-02,1.295287e-04,2.984284e-03,0.000000e+00,0.000000e+00,0.000000e+00,0.000000e+00,0.000000e+00,0.000000e+00,0.000000e+00,0.000000e+00,0.000000e+00,0.000000e+00,1.874063e-02,2.274416e-03,2.256457e-03,2.220421e-03,1.560230e-03,9.467456e-02,1.849042e-02,,,,,,,,,,,,,,,,,,,,,,,,,,0.000000e+00,2.613917e-02,0.000000e+00,0.000000e+00,2.083333e-02,1.666667e-01,8.333333e-02,0.000000e+00,1.666667e-02
cit_HepPh,,,,,,,,,,,,,,1.000000e+00,5.000000e-01,0.000000e+00,0.000000e+00,0.000000e+00,0.000000e+00,0.000000e+00,0.000000e+00,0.000000e+00,0.000000e+00,0.000000e+00,0.000000e+00,0.000000e+00,0.000000e+00,0.000000e+00,0.000000e+00,0.000000e+00,0.000000e+00,0.000000e+00,9.006700e-04,1.261085e-02,4.085925e-02,5.757884e-04,3.027432e-03,2.796225e-02,2.144084e-03,1.151113e-03,8.615285e-03,1.396670e-03,9.406329e-03,5.379223e-04,1.105207e-02,1.200387e-03,0.000000e+00,2.061809e-03,4.860870e-03,1.086755e-02,3.006854e-02,2.979833e-02,1.483928e-02,2.795572e-03,3.319266e-04,1.766567e-04,1.477560e-04,1.547091e-04,9.004853e-05,0.000000e+00,0.000000e+00,0.000000e+00,1.000000e+00,1.061684e-03,0.000000e+00,4.283306e-03,6.705246e-03,0.000000e+00,0.000000e+00,2.051282e-01,5.000000e-01,1.389634e-04,5.183818e-03,0.000000e+00,0.000000e+00,0.000000e+00,0.000000e+00,0.000000e+00,0.000000e+00,0.000000e+00,0.000000e+00,0.000000e+00,0.000000e+00,7.496252e-02,2.901020e-03,2.433313e-03,2.398836e-03,2.936118e-03,3.431953e-01,1.978306e-02,,,,,,,,,,,,,,,,,,,,,,,,,,0.000000e+00,2.613917e-02,0.000000e+00,0.000000e+00,1.250000e-01,1.000000e+00,5.000000e-01,0.000000e+00,1.000000e-01
cit_HepTh,,,,,,,,,,,,,,,1.000000e+00,0.000000e+00,0.000000e+00,0.000000e+00,0.000000e+00,0.000000e+00,0.000000e+00,0.000000e+00,0.000000e+00,0.000000e+00,0.000000e+00,0.000000e+00,0.000000e+00,0.000000e+00,0.000000e+00,0.000000e+00,0.000000e+00,0.000000e+00,1.801340e-03,2.522171e-02,8.171849e-02,1.151577e-03,6.054864e-03,5.592450e-02,4.288168e-03,2.302226e-03,1.723057e-02,2.793341e-03,1.881266e-02,1.075845e-03,2.210414e-02,2.400774e-03,0.000000e+00,4.123619e-03,9.721740e-03,2.173510e-02,6.013708e-02,5.959666e-02,2.967856e-02,5.591144e-03,6.638531e-04,3.533133e-04,2.955120e-04,3.094183e-04,1.800971e-04,0.000000e+00,0.000000e+00,0.000000e+00,5.000000e-01,2.123368e-03,0.000000e+00,8.566612e-03,1.341049e-02,0.000000e+00,0.000000e+00,3.333333e-01,1.000000e+00,2.779267e-04,1.036764e-02,0.000000e+00,0.000000e+00,0.000000e+00,0.000000e+00,0.000000e+00,0.000000e+00,0.000000e+00,0.000000e+00,0.000000e+00,0.000000e+00,1.499250e-01,5.802039e-03,4.866625e-03,4.797671e-03,5.872236e-03,6.863905e-01,3.956612e-02,,,,,,,,,,,,,,,,,,,,,,,,,,0.000000e+00,5.227835e-02,0.000000e+00,0.000000e+00,2.500000e-01,5.000000e-01,1.000000e+00,0.000000e+00,2.000000e-01
cit_Kohonen,,,,,,,,,,,,,,,,0.000000e+00,0.000000e+00,0.000000e+00,0.000000e+00,0.000000e+00,0.000000e+00,0.000000e+00,0.000000e+00,0.000000e+00,0.000000e+00,0.000000e+00,0.000000e+00,0.000000e+00,0.000000e+00,0.000000e+00,0.000000e+00,0.000000e+00,0.000000e+00,0.000000e+00,0.000000e+00,0.000000e+00,0.000000e+00,0.000000e+00,0.000000e+00,0.000000e+00,0.000000e+00,0.000000e+00,0.000000e+00,0.000000e+00,0.000000e+00,0.000000e+00,0.000000e+00,0.000000e+00,0.000000e+00,0.000000e+00,0.000000e+00,0.000000e+00,0.000000e+00,0.000000e+00,0.000000e+00,0.000000e+00,0.000000e+00,0.000000e+00,0.000000e+00,0.000000e+00,0.000000e+00,0.000000e+00,0.000000e+00,0.000000e+00,0.000000e+00,0.000000e+00,0.000000e+00,0.000000e+00,0.000000e+00,0.000000e+00,0.000000e+00,0.000000e+00,0.000000e+00,0.000000e+00,0.000000e+00,0.000000e+00,0.000000e+00,0.000000e+00,0.000000e+00,0.000000e+00,0.000000e+00,0.000000e+00,0.000000e+00,0.000000e+00,0.000000e+00,0.000000e+00,0.000000e+00,0.000000e+00,0.000000e+00,0.000000e+00,,,,,,,,,,,,,,,,,,,,,,,,,,0.000000e+00,0.000000e+00,0.000000e+00,0.000000e+00,0.000000e+00,0.000000e+00,0.000000e+00,0.000000e+00,0.000000e+00
cit_Lederberg,,,,,,,,,,,,,,,,,0.000000e+00,0.000000e+00,0.000000e+00,0.000000e+00,0.000000e+00,0.000000e+00,0.000000e+00,0.000000e+00,0.000000e+00,0.000000e+00,0.000000e+00,0.000000e+00,0.000000e+00,0.000000e+00,0.000000e+00,0.000000e+00,0.000000e+00,0.000000e+00,0.000000e+00,0.000000e+00,0.000000e+00,0.000000e+00,0.000000e+00,0.000000e+00,0.000000e+00,0.000000e+00,0.000000e+00,0.000000e+00,0.000000e+00,0.000000e+00,0.000000e+00,0.000000e+00,0.000000e+00,0.000000e+00,0.000000e+00,0.000000e+00,0.000000e+00,0.000000e+00,0.000000e+00,0.000000e+00,0.000000e+00,0.000000e+00,0.000000e+00,0.000000e+00,0.000000e+00,0.000000e+00,0.000000e+00,0.000000e+00,0.000000e+00,0.000000e+00,0.000000e+00,0.000000e+00,0.000000e+00,0.000000e+00,0.000000e+00,0.000000e+00,0.000000e+00,0.000000e+00,0.000000e+00,0.000000e+00,0.000000e+00,0.000000e+00,0.000000e+00,0.000000e+00,0.000000e+00,0.000000e+00,0.000000e+00,0.000000e+00,0.000000e+00,0.000000e+00,0.000000e+00,0.000000e+00,0.000000e+00,0.000000e+00,,,,,,,,,,,,,,,,,,,,,,,,,,0.000000e+00,0.000000e+00,0.000000e+00,0.000000e+00,0.000000e+00,0.000000e+00,0.000000e+00,0.000000e+00,0.000000e+00
cit_SciMet,,,,,,,,,,,,,,,,,,0.000000e+00,0.000000e+00,0.000000e+00,0.000000e+00,0.000000e+00,0.000000e+00,0.000000e+00,0.000000e+00,0.000000e+00,0.000000e+00,0.000000e+00,0.000000e+00,0.000000e+00,0.000000e+00,0.000000e+00,0.000000e+00,0.000000e+00,0.000000e+00,0.000000e+00,0.000000e+00,0.000000e+00,0.000000e+00,0.000000e+00,0.000000e+00,0.000000e+00,0.000000e+00,0.000000e+00,0.000000e+00,0.000000e+00,0.000000e+00,0.000000e+00,0.000000e+00,0.000000e+00,0.000000e+00,0.000000e+00,0.000000e+00,0.000000e+00,0.000000e+00,0.000000e+00,0.000000e+00,0.000000e+00,0.000000e+00,0.000000e+00,0.000000e+00,0.000000e+00,0.000000e+00,0.000000e+00,0.000000e+00,0.000000e+00,0.000000e+00,0.000000e+00,0.000000e+00,0.000000e+00,0.000000e+00,0.000000e+00,0.000000e+00,0.000000e+00,0.000000e+00,0.000000e+00,0.000000e+00,0.000000e+00,0.000000e+00,0.000000e+00,0.000000e+00,0.000000e+00,0.000000e+00,0.000000e+00,0.000000e+00,0.000000e+00,0.000000e+00,0.000000e+00,0.000000e+00,0.000000e+00,,,,,,,,,,,,,,,,,,,,,,,,,,0.000000e+00,0.000000e+00,0.000000e+00,0.000000e+00,0.000000e+00,0.000000e+00,0.000000e+00,0.000000e+00,0.000000e+00
cit_Zewail,,,,,,,,,,,,,,,,,,,0.000000e+00,0.000000e+00,0.000000e+00,0.000000e+00,0.000000e+00,0.000000e+00,0.000000e+00,0.000000e+00,0.000000e+00,0.000000e+00,0.000000e+00,0.000000e+00,0.000000e+00,0.000000e+00,0.000000e+00,0.000000e+00,0.000000e+00,0.000000e+00,0.000000e+00,0.000000e+00,0.000000e+00,0.000000e+00,0.000000e+00,0.000000e+00,0.000000e+00,0.000000e+00,0.000000e+00,0.000000e+00,0.000000e+00,0.000000e+00,0.000000e+00,0.000000e+00,0.000000e+00,0.000000e+00,0.000000e+00,0.000000e+00,0.000000e+00,0.000000e+00,0.000000e+00,0.000000e+00,0.000000e+00,0.000000e+00,0.000000e+00,0.000000e+00,0.000000e+00,0.000000e+00,0.000000e+00,0.000000e+00,0.000000e+00,0.000000e+00,0.000000e+00,0.000000e+00,0.000000e+00,0.000000e+00,0.000000e+00,0.000000e+00,0.000000e+00,0.000000e+00,0.000000e+00,0.000000e+00,0.000000e+00,0.000000e+00,0.000000e+00,0.000000e+00,0.000000e+00,0.000000e+00,0.000000e+00,0.000000e+00,0.000000e+00,0.000000e+00,0.000000e+00,0.000000e+00,,,,,,,,,,,,,,,,,,,,,,,,,,0.000000e+00,0.000000e+00,0.000000e+00,0.000000e+00,0.000000e+00,0.000000e+00,0.000000e+00,0.000000e+00,0.000000e+00
elec_b12_0,,,,,,,,,,,,,,,,,,,,0.000000e+00,0.000000e+00,0.000000e+00,0.000000e+00,0.000000e+00,0.000000e+00,0.000000e+00,0.000000e+00,0.000000e+00,0.000000e+00,0.000000e+00,0.000000e+00,0.000000e+00,0.000000e+00,0.000000e+00,0.000000e+00,0.000000e+00,0.000000e+00,0.000000e+00,0.000000e+00,0.000000e+00,0.000000e+00,0.000000e+00,0.000000e+00,0.000000e+00,0.000000e+00,0.000000e+00,0.000000e+00,0.000000e+00,0.000000e+00,0.000000e+00,0.000000e+00,0.000000e+00,0.000000e+00,0.000000e+00,0.000000e+00,0.000000e+00,0.000000e+00,0.000000e+00,0.000000e+00,0.000000e+00,0.000000e+00,0.000000e+00,0.000000e+00,0.000000e+00,0.000000e+00,0.000000e+00,0.000000e+00,0.000000e+00,0.000000e+00,0.000000e+00,0.000000e+00,0.000000e+00,0.000000e+00,0.000000e+00,0.000000e+00,0.000000e+00,0.000000e+00,0.000000e+00,0.000000e+00,0.000000e+00,0.000000e+00,0.000000e+00,0.000000e+00,0.000000e+00,0.000000e+00,0.000000e+00,0.000000e+00,0.000000e+00,0.000000e+00,0.000000e+00,,,,,,,,,,,,,,,,,,,,,,,,,,0.000000e+00,0.000000e+00,0.000000e+00,0.000000e+00,0.000000e+00,0.000000e+00,0.000000e+00,0.000000e+00,0.000000e+00
elec_b14s_0,,,,,,,,,,,,,,,,,,,,,0.000000e+00,0.000000e+00,0.000000e+00,0.000000e+00,0.000000e+00,0.000000e+00,0.000000e+00,0.000000e+00,0.000000e+00,0.000000e+00,0.000000e+00,0.000000e+00,0.000000e+00,0.000000e+00,0.000000e+00,0.000000e+00,0.000000e+00,0.000000e+00,0.000000e+00,0.000000e+00,0.000000e+00,0.000000e+00,0.000000e+00,0.000000e+00,0.000000e+00,0.000000e+00,0.000000e+00,0.000000e+00,0.000000e+00,0.000000e+00,0.000000e+00,0.000000e+00,0.000000e+00,0.000000e+00,0.000000e+00,0.000000e+00,0.000000e+00,0.000000e+00,0.000000e+00,0.000000e+00,0.000000e+00,0.000000e+00,0.000000e+00,0.000000e+00,0.000000e+00,0.000000e+00,0.000000e+00,0.000000e+00,0.000000e+00,0.000000e+00,0.000000e+00,0.000000e+00,0.000000e+00,0.000000e+00,0.000000e+00,0.000000e+00,0.000000e+00,0.000000e+00,0.000000e+00,0.000000e+00,0.000000e+00,0.000000e+00,0.000000e+00,0.000000e+00,0.000000e+00,0.000000e+00,0.000000e+00,0.000000e+00,0.000000e+00,0.000000e+00,,,,,,,,,,,,,,,,,,,,,,,,,,0.000000e+00,0.000000e+00,0.000000e+00,0.000000e+00,0.000000e+00,0.000000e+00,0.000000e+00,0.000000e+00,0.000000e+00
elec_b15s_0,,,,,,,,,,,,,,,,,,,,,,0.000000e+00,0.000000e+00,0.000000e+00,0.000000e+00,0.000000e+00,0.000000e+00,0.000000e+00,0.000000e+00,0.000000e+00,0.000000e+00,0.000000e+00,0.000000e+00,0.000000e+00,0.000000e+00,0.000000e+00,0.000000e+00,0.000000e+00,0.000000e+00,0.000000e+00,0.000000e+00,0.000000e+00,0.000000e+00,0.000000e+00,0.000000e+00,0.000000e+00,0.000000e+00,0.000000e+00,0.000000e+00,0.000000e+00,0.000000e+00,0.000000e+00,0.000000e+00,0.000000e+00,0.000000e+00,0.000000e+00,0.000000e+00,0.000000e+00,0.000000e+00,0.000000e+00,0.000000e+00,0.000000e+00,0.000000e+00,0.000000e+00,0.000000e+00,0.000000e+00,0.000000e+00,0.000000e+00,0.000000e+00,0.000000e+00,0.000000e+00,0.000000e+00,0.000000e+00,0.000000e+00,0.000000e+00,0.000000e+00,0.000000e+00,0.000000e+00,0.000000e+00,0.000000e+00,0.000000e+00,0.000000e+00,0.000000e+00,0.000000e+00,0.000000e+00,0.000000e+00,0.000000e+00,0.000000e+00,0.000000e+00,0.000000e+00,,,,,,,,,,,,,,,,,,,,,,,,,,0.000000e+00,0.000000e+00,0.000000e+00,0.000000e+00,0.000000e+00,0.000000e+00,0.000000e+00,0.000000e+00,0.000000e+00
elec_b17s_0,,,,,,,,,,,,,,,,,,,,,,,0.000000e+00,0.000000e+00,0.000000e+00,0.000000e+00,0.000000e+00,0.000000e+00,0.000000e+00,0.000000e+00,0.000000e+00,0.000000e+00,0.000000e+00,0.000000e+00,0.000000e+00,0.000000e+00,0.000000e+00,0.000000e+00,0.000000e+00,0.000000e+00,0.000000e+00,0.000000e+00,0.000000e+00,0.000000e+00,0.000000e+00,0.000000e+00,0.000000e+00,0.000000e+00,0.000000e+00,0.000000e+00,0.000000e+00,0.000000e+00,0.000000e+00,0.000000e+00,0.000000e+00,0.000000e+00,0.000000e+00,0.000000e+00,0.000000e+00,0.000000e+00,0.000000e+00,0.000000e+00,0.000000e+00,0.000000e+00,0.000000e+00,0.000000e+00,0.000000e+00,0.000000e+00,0.000000e+00,0.000000e+00,0.000000e+00,0.000000e+00,0.000000e+00,0.000000e+00,0.000000e+00,0.000000e+00,0.000000e+00,0.000000e+00,0.000000e+00,0.000000e+00,0.000000e+00,0.000000e+00,0.000000e+00,0.000000e+00,0.000000e+00,0.000000e+00,0.000000e+00,0.000000e+00,0.000000e+00,0.000000e+00,,,,,,,,,,,,,,,,,,,,,,,,,,0.000000e+00,0.000000e+00,0.000000e+00,0.000000e+00,0.000000e+00,0.000000e+00,0.000000e+00,0.000000e+00,0.000000e+00
elec_b20s_0,,,,,,,,,,,,,,,,,,,,,,,,0.000000e+00,0.000000e+00,0.000000e+00,0.000000e+00,0.000000e+00,0.000000e+00,0.000000e+00,0.000000e+00,0.000000e+00,0.000000e+00,0.000000e+00,0.000000e+00,0.000000e+00,0.000000e+00,0.000000e+00,0.000000e+00,0.000000e+00,0.000000e+00,0.000000e+00,0.000000e+00,0.000000e+00,0.000000e+00,0.000000e+00,0.000000e+00,0.000000e+00,0.000000e+00,0.000000e+00,0.000000e+00,0.000000e+00,0.000000e+00,0.000000e+00,0.000000e+00,0.000000e+00,0.000000e+00,0.000000e+00,0.000000e+00,0.000000e+00,0.000000e+00,0.000000e+00,0.000000e+00,0.000000e+00,0.000000e+00,0.000000e+00,0.000000e+00,0.000000e+00,0.000000e+00,0.000000e+00,0.000000e+00,0.000000e+00,0.000000e+00,0.000000e+00,0.000000e+00,0.000000e+00,0.000000e+00,0.000000e+00,0.000000e+00,0.000000e+00,0.000000e+00,0.000000e+00,0.000000e+00,0.000000e+00,0.000000e+00,0.000000e+00,0.000000e+00,0.000000e+00,0.000000e+00,0.000000e+00,,,,,,,,,,,,,,,,,,,,,,,,,,0.000000e+00,0.000000e+00,0.000000e+00,0.000000e+00,0.000000e+00,0.000000e+00,0.000000e+00,0.000000e+00,0.000000e+00
elec_b21s_0,,,,,,,,,,,,,,,,,,,,,,,,,0.000000e+00,0.000000e+00,0.000000e+00,0.000000e+00,0.000000e+00,0.000000e+00,0.000000e+00,0.000000e+00,0.000000e+00,0.000000e+00,0.000000e+00,0.000000e+00,0.000000e+00,0.000000e+00,0.000000e+00,0.000000e+00,0.000000e+00,0.000000e+00,0.000000e+00,0.000000e+00,0.000000e+00,0.000000e+00,0.000000e+00,0.000000e+00,0.000000e+00,0.000000e+00,0.000000e+00,0.000000e+00,0.000000e+00,0.000000e+00,0.000000e+00,0.000000e+00,0.000000e+00,0.000000e+00,0.000000e+00,0.000000e+00,0.000000e+00,0.000000e+00,0.000000e+00,0.000000e+00,0.000000e+00,0.000000e+00,0.000000e+00,0.000000e+00,0.000000e+00,0.000000e+00,0.000000e+00,0.000000e+00,0.000000e+00,0.000000e+00,0.000000e+00,0.000000e+00,0.000000e+00,0.000000e+00,0.000000e+00,0.000000e+00,0.000000e+00,0.000000e+00,0.000000e+00,0.000000e+00,0.000000e+00,0.000000e+00,0.000000e+00,0.000000e+00,0.000000e+00,0.000000e+00,,,,,,,,,,,,,,,,,,,,,,,,,,0.000000e+00,0.000000e+00,0.000000e+00,0.000000e+00,0.000000e+00,0.000000e+00,0.000000e+00,0.000000e+00,0.000000e+00
elec_b22s_0,,,,,,,,,,,,,,,,,,,,,,,,,,0.000000e+00,0.000000e+00,0.000000e+00,0.000000e+00,0.000000e+00,0.000000e+00,0.000000e+00,0.000000e+00,0.000000e+00,0.000000e+00,0.000000e+00,0.000000e+00,0.000000e+00,0.000000e+00,0.000000e+00,0.000000e+00,0.000000e+00,0.000000e+00,0.000000e+00,0.000000e+00,0.000000e+00,0.000000e+00,0.000000e+00,0.000000e+00,0.000000e+00,0.000000e+00,0.000000e+00,0.000000e+00,0.000000e+00,0.000000e+00,0.000000e+00,0.000000e+00,0.000000e+00,0.000000e+00,0.000000e+00,0.000000e+00,0.000000e+00,0.000000e+00,0.000000e+00,0.000000e+00,0.000000e+00,0.000000e+00,0.000000e+00,0.000000e+00,0.000000e+00,0.000000e+00,0.000000e+00,0.000000e+00,0.000000e+00,0.000000e+00,0.000000e+00,0.000000e+00,0.000000e+00,0.000000e+00,0.000000e+00,0.000000e+00,0.000000e+00,0.000000e+00,0.000000e+00,0.000000e+00,0.000000e+00,0.000000e+00,0.000000e+00,0.000000e+00,0.000000e+00,,,,,,,,,,,,,,,,,,,,,,,,,,0.000000e+00,0.000000e+00,0.000000e+00,0.000000e+00,0.000000e+00,0.000000e+00,0.000000e+00,0.000000e+00,0.000000e+00
elec_s13207_0,,,,,,,,,,,,,,,,,,,,,,,,,,,0.000000e+00,0.000000e+00,0.000000e+00,0.000000e+00,0.000000e+00,0.000000e+00,0.000000e+00,0.000000e+00,0.000000e+00,0.000000e+00,0.000000e+00,0.000000e+00,0.000000e+00,0.000000e+00,0.000000e+00,0.000000e+00,0.000000e+00,0.000000e+00,0.000000e+00,0.000000e+00,0.000000e+00,0.000000e+00,0.000000e+00,0.000000e+00,0.000000e+00,0.000000e+00,0.000000e+00,0.000000e+00,0.000000e+00,0.000000e+00,0.000000e+00,0.000000e+00,0.000000e+00,0.000000e+00,0.000000e+00,0.000000e+00,0.000000e+00,0.000000e+00,0.000000e+00,0.000000e+00,0.000000e+00,0.000000e+00,0.000000e+00,0.000000e+00,0.000000e+00,0.000000e+00,0.000000e+00,0.000000e+00,0.000000e+00,0.000000e+00,0.000000e+00,0.000000e+00,0.000000e+00,0.000000e+00,0.000000e+00,0.000000e+00,0.000000e+00,0.000000e+00,0.000000e+00,0.000000e+00,0.000000e+00,0.000000e+00,0.000000e+00,0.000000e+00,,,,,,,,,,,,,,,,,,,,,,,,,,0.000000e+00,0.000000e+00,0.000000e+00,0.000000e+00,0.000000e+00,0.000000e+00,0.000000e+00,0.000000e+00,0.000000e+00
elec_s15850_0,,,,,,,,,,,,,,,,,,,,,,,,,,,,0.000000e+00,0.000000e+00,0.000000e+00,0.000000e+00,0.000000e+00,0.000000e+00,0.000000e+00,0.000000e+00,0.000000e+00,0.000000e+00,0.000000e+00,0.000000e+00,0.000000e+00,0.000000e+00,0.000000e+00,0.000000e+00,0.000000e+00,0.000000e+00,0.000000e+00,0.000000e+00,0.000000e+00,0.000000e+00,0.000000e+00,0.000000e+00,0.000000e+00,0.000000e+00,0.000000e+00,0.000000e+00,0.000000e+00,0.000000e+00,0.000000e+00,0.000000e+00,0.000000e+00,0.000000e+00,0.000000e+00,0.000000e+00,0.000000e+00,0.000000e+00,0.000000e+00,0.000000e+00,0.000000e+00,0.000000e+00,0.000000e+00,0.000000e+00,0.000000e+00,0.000000e+00,0.000000e+00,0.000000e+00,0.000000e+00,0.000000e+00,0.000000e+00,0.000000e+00,0.000000e+00,0.000000e+00,0.000000e+00,0.000000e+00,0.000000e+00,0.000000e+00,0.000000e+00,0.000000e+00,0.000000e+00,0.000000e+00,0.000000e+00,,,,,,,,,,,,,,,,,,,,,,,,,,0.000000e+00,0.000000e+00,0.000000e+00,0.000000e+00,0.000000e+00,0.000000e+00,0.000000e+00,0.000000e+00,0.000000e+00
elec_s38417_0,,,,,,,,,,,,,,,,,,,,,,,,,,,,,0.000000e+00,0.000000e+00,0.000000e+00,0.000000e+00,0.000000e+00,0.000000e+00,0.000000e+00,0.000000e+00,0.000000e+00,0.000000e+00,0.000000e+00,0.000000e+00,0.000000e+00,0.000000e+00,0.000000e+00,0.000000e+00,0.000000e+00,0.000000e+00,0.000000e+00,0.000000e+00,0.000000e+00,0.000000e+00,0.000000e+00,0.000000e+00,0.000000e+00,0.000000e+00,0.000000e+00,0.000000e+00,0.000000e+00,0.000000e+00,0.000000e+00,0.000000e+00,0.000000e+00,0.000000e+00,0.000000e+00,0.000000e+00,0.000000e+00,0.000000e+00,0.000000e+00,0.000000e+00,0.000000e+00,0.000000e+00,0.000000e+00,0.000000e+00,0.000000e+00,0.000000e+00,0.000000e+00,0.000000e+00,0.000000e+00,0.000000e+00,0.000000e+00,0.000000e+00,0.000000e+00,0.000000e+00,0.000000e+00,0.000000e+00,0.000000e+00,0.000000e+00,0.000000e+00,0.000000e+00,0.000000e+00,0.000000e+00,,,,,,,,,,,,,,,,,,,,,,,,,,0.000000e+00,0.000000e+00,0.000000e+00,0.000000e+00,0.000000e+00,0.000000e+00,0.000000e+00,0.000000e+00,0.000000e+00
elec_s38584_0,,,,,,,,,,,,,,,,,,,,,,,,,,,,,,0.000000e+00,0.000000e+00,0.000000e+00,0.000000e+00,0.000000e+00,0.000000e+00,0.000000e+00,0.000000e+00,0.000000e+00,0.000000e+00,0.000000e+00,0.000000e+00,0.000000e+00,0.000000e+00,0.000000e+00,0.000000e+00,0.000000e+00,0.000000e+00,0.000000e+00,0.000000e+00,0.000000e+00,0.000000e+00,0.000000e+00,0.000000e+00,0.000000e+00,0.000000e+00,0.000000e+00,0.000000e+00,0.000000e+00,0.000000e+00,0.000000e+00,0.000000e+00,0.000000e+00,0.000000e+00,0.000000e+00,0.000000e+00,0.000000e+00,0.000000e+00,0.000000e+00,0.000000e+00,0.000000e+00,0.000000e+00,0.000000e+00,0.000000e+00,0.000000e+00,0.000000e+00,0.000000e+00,0.000000e+00,0.000000e+00,0.000000e+00,0.000000e+00,0.000000e+00,0.000000e+00,0.000000e+00,0.000000e+00,0.000000e+00,0.000000e+00,0.000000e+00,0.000000e+00,0.000000e+00,0.000000e+00,,,,,,,,,,,,,,,,,,,,,,,,,,0.000000e+00,0.000000e+00,0.000000e+00,0.000000e+00,0.000000e+00,0.000000e+00,0.000000e+00,0.000000e+00,0.000000e+00
elec_s5378_0,,,,,,,,,,,,,,,,,,,,,,,,,,,,,,,0.000000e+00,0.000000e+00,0.000000e+00,0.000000e+00,0.000000e+00,0.000000e+00,0.000000e+00,0.000000e+00,0.000000e+00,0.000000e+00,0.000000e+00,0.000000e+00,0.000000e+00,0.000000e+00,0.000000e+00,0.000000e+00,0.000000e+00,0.000000e+00,0.000000e+00,0.000000e+00,0.000000e+00,0.000000e+00,0.000000e+00,0.000000e+00,0.000000e+00,0.000000e+00,0.000000e+00,0.000000e+00,0.000000e+00,0.000000e+00,0.000000e+00,0.000000e+00,0.000000e+00,0.000000e+00,0.000000e+00,0.000000e+00,0.000000e+00,0.000000e+00,0.000000e+00,0.000000e+00,0.000000e+00,0.000000e+00,0.000000e+00,0.000000e+00,0.000000e+00,0.000000e+00,0.000000e+00,0.000000e+00,0.000000e+00,0.000000e+00,0.000000e+00,0.000000e+00,0.000000e+00,0.000000e+00,0.000000e+00,0.000000e+00,0.000000e+00,0.000000e+00,0.000000e+00,0.000000e+00,,,,,,,,,,,,,,,,,,,,,,,,,,0.000000e+00,0.000000e+00,0.000000e+00,0.000000e+00,0.000000e+00,0.000000e+00,0.000000e+00,0.000000e+00,0.000000e+00
elec_s9234_0,,,,,,,,,,,,,,,,,,,,,,,,,,,,,,,,0.000000e+00,0.000000e+00,0.000000e+00,0.000000e+00,0.000000e+00,0.000000e+00,0.000000e+00,0.000000e+00,0.000000e+00,0.000000e+00,0.000000e+00,0.000000e+00,0.000000e+00,0.000000e+00,0.000000e+00,0.000000e+00,0.000000e+00,0.000000e+00,0.000000e+00,0.000000e+00,0.000000e+00,0.000000e+00,0.000000e+00,0.000000e+00,0.000000e+00,0.000000e+00,0.000000e+00,0.000000e+00,0.000000e+00,0.000000e+00,0.000000e+00,0.000000e+00,0.000000e+00,0.000000e+00,0.000000e+00,0.000000e+00,0.000000e+00,0.000000e+00,0.000000e+00,0.000000e+00,0.000000e+00,0.000000e+00,0.000000e+00,0.000000e+00,0.000000e+00,0.000000e+00,0.000000e+00,0.000000e+00,0.000000e+00,0.000000e+00,0.000000e+00,0.000000e+00,0.000000e+00,0.000000e+00,0.000000e+00,0.000000e+00,0.000000e+00,0.000000e+00,0.000000e+00,,,,,,,,,,,,,,,,,,,,,,,,,,0.000000e+00,0.000000e+00,0.000000e+00,0.000000e+00,0.000000e+00,0.000000e+00,0.000000e+00,0.000000e+00,0.000000e+00
hl_berkstan_web,,,,,,,,,,,,,,,,,,,,,,,,,,,,,,,,,1.000000e+00,7.502159e-02,2.473602e-02,5.936715e-01,2.788211e-01,9.043983e-03,4.028173e-01,9.158295e-01,7.903820e-02,4.390774e-01,6.227805e-02,6.911180e-01,4.063766e-03,4.720034e-01,0.000000e+00,2.162565e-01,8.107558e-02,7.846908e-02,2.552190e-02,2.290843e-02,3.081160e-02,1.553319e-01,2.471959e-01,1.733957e-01,1.533658e-01,1.594472e-01,9.500856e-02,0.000000e+00,0.000000e+00,0.000000e+00,9.006700e-04,4.196476e-01,0.000000e+00,6.672993e-02,6.081010e-02,0.000000e+00,0.000000e+00,1.471949e-03,1.801340e-03,2.323400e-01,1.905360e-01,0.000000e+00,0.000000e+00,0.000000e+00,0.000000e+00,0.000000e+00,0.000000e+00,0.000000e+00,0.000000e+00,0.000000e+00,0.000000e+00,1.328213e-02,1.929909e-01,1.834634e-01,1.902811e-01,3.385666e-01,2.722105e-03,1.862043e-02,,,,,,,,,,,,,,,,,,,,,,,,,,0.000000e+00,2.037108e-02,0.000000e+00,0.000000e+00,7.205360e-03,9.006700e-04,1.801340e-03,0.000000e+00,9.006700e-03
hl_foldoc,,,,,,,,,,,,,,,,,,,,,,,,,,,,,,,,,,1.000000e+00,3.345503e-01,4.626792e-02,2.551784e-01,9.247797e-02,1.773320e-01,7.885263e-02,8.085472e-01,1.419336e-01,6.691972e-01,5.052225e-02,4.051623e-02,1.219481e-01,0.000000e+00,2.328833e-01,5.354800e-01,9.154618e-01,2.869598e-01,2.538466e-01,3.204259e-01,2.967663e-01,2.172463e-02,1.400658e-02,1.220612e-02,1.272486e-02,7.539349e-03,0.000000e+00,0.000000e+00,0.000000e+00,1.261085e-02,1.052216e-01,0.000000e+00,5.312855e-01,6.319014e-01,0.000000e+00,0.000000e+00,1.647438e-02,2.522171e-02,1.570579e-02,3.941672e-01,0.000000e+00,0.000000e+00,0.000000e+00,0.000000e+00,0.000000e+00,0.000000e+00,0.000000e+00,0.000000e+00,0.000000e+00,0.000000e+00,1.752609e-01,2.927200e-01,2.742452e-01,2.686800e-01,2.229681e-01,3.529878e-02,1.927604e-01,,,,,,,,,,,,,,,,,,,,,,,,,,0.000000e+00,2.295920e-01,0.000000e+00,0.000000e+00,1.008868e-01,1.261085e-02,2.522171e-02,0.000000e+00,1.261085e-01
hl_google,,,,,,,,,,,,,,,,,,,,,,,,,,,,,,,,,,,1.000000e+00,1.552577e-02,8.376122e-02,2.030945e-01,5.882770e-02,2.877818e-02,2.527941e-01,4.269108e-02,2.892446e-01,1.571282e-02,8.002854e-02,3.672929e-02,0.000000e+00,6.726803e-02,1.574978e-01,3.003600e-01,7.222097e-01,6.174703e-01,4.699983e-01,8.854202e-02,8.089029e-03,4.706818e-03,4.016710e-03,4.196877e-03,2.466180e-03,0.000000e+00,0.000000e+00,0.000000e+00,4.085925e-02,3.235994e-02,0.000000e+00,1.486522e-01,2.135222e-01,0.000000e+00,0.000000e+00,3.950729e-02,8.171849e-02,4.534920e-03,1.355289e-01,0.000000e+00,0.000000e+00,0.000000e+00,0.000000e+00,0.000000e+00,0.000000e+00,0.000000e+00,0.000000e+00,0.000000e+00,0.000000e+00,5.317711e-01,8.857907e-02,7.919070e-02,7.773491e-02,7.721584e-02,1.045516e-01,4.327775e-01,,,,,,,,,,,,,,,,,,,,,,,,,,0.000000e+00,5.228331e-01,0.000000e+00,0.000000e+00,3.268740e-01,4.085925e-02,8.171849e-02,0.000000e+00,4.085925e-01
hl_google_web,,,,,,,,,,,,,,,,,,,,,,,,,,,,,,,,,,,,1.000000e+00,1.665168e-01,5.382617e-03,2.393844e-01,5.648013e-01,4.682355e-02,2.593606e-01,3.683516e-02,8.059770e-01,2.529372e-03,2.821785e-01,0.000000e+00,1.279991e-01,4.804543e-02,4.722509e-02,1.517158e-02,1.359168e-02,1.813966e-02,9.147652e-02,4.290188e-01,2.939491e-01,2.588458e-01,2.692204e-01,1.603440e-01,0.000000e+00,0.000000e+00,0.000000e+00,5.757884e-04,2.539698e-01,0.000000e+00,4.016663e-02,3.610596e-02,0.000000e+00,0.000000e+00,8.708333e-04,1.151577e-03,3.839770e-01,1.160723e-01,0.000000e+00,0.000000e+00,0.000000e+00,0.000000e+00,0.000000e+00,0.000000e+00,0.000000e+00,0.000000e+00,0.000000e+00,0.000000e+00,8.276525e-03,1.149229e-01,1.087367e-01,1.125510e-01,2.060145e-01,1.690396e-03,1.105128e-02,,,,,,,,,,,,,,,,,,,,,,,,,,0.000000e+00,1.215990e-02,0.000000e+00,0.000000e+00,4.606307e-03,5.757884e-04,1.151577e-03,0.000000e+00,5.757884e-03
hl_notre_dame_web,,,,,,,,,,,,,,,,,,,,,,,,,,,,,,,,,,,,,1.000000e+00,3.024784e-02,6.651895e-01,2.665911e-01,2.690935e-01,5.692846e-01,2.123552e-01,1.936758e-01,1.332728e-02,4.840418e-01,0.000000e+00,7.323718e-01,2.735121e-01,2.663455e-01,8.649627e-02,7.834974e-02,1.053807e-01,5.267523e-01,6.904765e-02,4.853596e-02,4.296651e-02,4.466481e-02,2.661868e-02,0.000000e+00,0.000000e+00,0.000000e+00,3.027432e-03,4.090313e-01,0.000000e+00,2.242138e-01,2.051437e-01,0.000000e+00,0.000000e+00,4.936030e-03,6.054864e-03,6.484247e-02,6.487899e-01,0.000000e+00,0.000000e+00,0.000000e+00,0.000000e+00,0.000000e+00,0.000000e+00,0.000000e+00,0.000000e+00,0.000000e+00,0.000000e+00,4.462928e-02,6.544749e-01,6.203266e-01,6.434499e-01,7.820395e-01,9.182151e-03,6.336993e-02,,,,,,,,,,,,,,,,,,,,,,,,,,0.000000e+00,6.986015e-02,0.000000e+00,0.000000e+00,2.421945e-02,3.027432e-03,6.054864e-03,0.000000e+00,3.027432e-02
hl_polblogs,,,,,,,,,,,,,,,,,,,,,,,,,,,,,,,,,,,,,,1.000000e+00,2.129353e-02,7.284076e-03,1.181557e-01,2.275808e-02,1.584361e-01,7.470055e-03,5.485844e-01,2.169064e-02,0.000000e+00,4.580796e-02,1.149497e-01,1.196260e-01,3.508733e-01,4.079178e-01,3.029367e-01,6.161757e-02,1.657512e-03,1.489210e-03,1.363749e-03,1.406568e-03,8.589862e-04,0.000000e+00,0.000000e+00,0.000000e+00,2.796225e-02,1.912846e-02,0.000000e+00,1.240677e-01,1.527546e-01,0.000000e+00,0.000000e+00,8.004194e-02,5.592450e-02,3.304567e-03,4.007091e-02,0.000000e+00,0.000000e+00,0.000000e+00,0.000000e+00,0.000000e+00,0.000000e+00,0.000000e+00,0.000000e+00,0.000000e+00,0.000000e+00,3.420790e-01,5.274427e-02,5.334226e-02,5.198194e-02,2.288765e-02,1.039846e-01,4.691733e-01,,,,,,,,,,,,,,,,,,,,,,,,,,0.000000e+00,4.332980e-01,0.000000e+00,0.000000e+00,2.236980e-01,2.796225e-02,5.592450e-02,0.000000e+00,2.796225e-01
hl_stanford_web,,,,,,,,,,,,,,,,,,,,,,,,,,,,,,,,,,,,,,,1.000000e+00,3.845802e-01,1.890705e-01,8.206303e-01,1.483747e-01,2.785701e-01,9.446563e-03,6.965627e-01,0.000000e+00,5.141089e-01,1.931611e-01,1.863364e-01,6.118888e-02,5.477246e-02,7.351589e-02,3.705308e-01,9.936338e-02,6.974788e-02,6.170415e-02,6.414645e-02,3.820444e-02,0.000000e+00,0.000000e+00,0.000000e+00,2.144084e-03,5.879822e-01,0.000000e+00,1.580177e-01,1.440307e-01,0.000000e+00,0.000000e+00,3.572982e-03,4.288168e-03,9.341099e-02,4.510882e-01,0.000000e+00,0.000000e+00,0.000000e+00,0.000000e+00,0.000000e+00,0.000000e+00,0.000000e+00,0.000000e+00,0.000000e+00,0.000000e+00,3.168895e-02,4.586277e-01,4.366263e-01,4.524357e-01,8.067476e-01,6.504433e-03,4.416345e-02,,,,,,,,,,,,,,,,,,,,,,,,,,0.000000e+00,4.810967e-02,0.000000e+00,0.000000e+00,1.715267e-02,2.144084e-03,4.288168e-03,0.000000e+00,2.144084e-02
hl_trec_web,,,,,,,,,,,,,,,,,,,,,,,,,,,,,,,,,,,,,,,,1.000000e+00,7.079091e-02,3.798306e-01,5.378423e-02,6.022191e-01,3.065896e-03,4.101583e-01,0.000000e+00,1.786569e-01,6.706878e-02,7.469937e-02,2.363250e-02,2.056342e-02,2.578835e-02,1.295533e-01,2.737082e-01,1.691202e-01,1.461304e-01,1.523964e-01,8.995474e-02,0.000000e+00,0.000000e+00,0.000000e+00,1.151113e-03,3.714745e-01,0.000000e+00,5.389128e-02,5.073466e-02,0.000000e+00,0.000000e+00,1.285234e-03,2.302226e-03,1.847650e-01,1.965241e-01,0.000000e+00,0.000000e+00,0.000000e+00,0.000000e+00,0.000000e+00,0.000000e+00,0.000000e+00,0.000000e+00,0.000000e+00,0.000000e+00,1.554165e-02,1.670984e-01,1.521168e-01,1.577858e-01,3.477510e-01,3.098012e-03,1.533039e-02,,,,,,,,,,,,,,,,,,,,,,,,,,0.000000e+00,1.771876e-02,0.000000e+00,0.000000e+00,9.208903e-03,1.151113e-03,2.302226e-03,0.000000e+00,1.151113e-02
hl_wiki_hyperLink_uz,,,,,,,,,,,,,,,,,,,,,,,,,,,,,,,,,,,,,,,,,1.000000e+00,1.735444e-01,7.687709e-01,5.790069e-02,6.029356e-02,1.502179e-01,0.000000e+00,3.072420e-01,7.253236e-01,9.122710e-01,3.025604e-01,2.760026e-01,3.892013e-01,3.968464e-01,1.750382e-02,1.345838e-02,1.207127e-02,1.251905e-02,7.514191e-03,0.000000e+00,0.000000e+00,0.000000e+00,8.615285e-03,1.272607e-01,0.000000e+00,7.377253e-01,7.755279e-01,0.000000e+00,0.000000e+00,1.809479e-02,1.723057e-02,2.089719e-02,3.678413e-01,0.000000e+00,0.000000e+00,0.000000e+00,0.000000e+00,0.000000e+00,0.000000e+00,0.000000e+00,0.000000e+00,0.000000e+00,0.000000e+00,1.346385e-01,3.655584e-01,3.606258e-01,3.524355e-01,2.135168e-01,2.823252e-02,2.398847e-01,,,,,,,,,,,,,,,,,,,,,,,,,,0.000000e+00,2.490373e-01,0.000000e+00,0.000000e+00,6.892228e-02,8.615285e-03,1.723057e-02,0.000000e+00,8.615285e-02
hl_wiki_link_dyn_add,,,,,,,,,,,,,,,,,,,,,,,,,,,,,,,,,,,,,,,,,,1.000000e+00,1.423592e-01,3.297870e-01,1.208841e-02,8.709318e-01,0.000000e+00,5.207643e-01,1.979674e-01,1.650847e-01,5.441994e-02,5.041244e-02,7.261315e-02,3.715329e-01,9.206696e-02,7.405902e-02,6.687269e-02,6.925870e-02,4.173672e-02,0.000000e+00,0.000000e+00,0.000000e+00,1.396670e-03,7.403358e-01,0.000000e+00,1.713142e-01,1.468921e-01,0.000000e+00,0.000000e+00,3.217680e-03,2.793341e-03,1.229982e-01,3.640546e-01,0.000000e+00,0.000000e+00,0.000000e+00,0.000000e+00,0.000000e+00,0.000000e+00,0.000000e+00,0.000000e+00,0.000000e+00,0.000000e+00,2.256431e-02,4.485224e-01,4.412050e-01,4.554161e-01,6.527004e-01,4.783019e-03,4.542555e-02,,,,,,,,,,,,,,,,,,,,,,,,,,0.000000e+00,4.626702e-02,0.000000e+00,0.000000e+00,1.117336e-02,1.396670e-03,2.793341e-03,0.000000e+00,1.396670e-02
hl_wiki_link_dyn_rem,,,,,,,,,,,,,,,,,,,,,,,,,,,,,,,,,,,,,,,,,,,1.000000e+00,4.718055e-02,8.569523e-02,1.256502e-01,0.000000e+00,2.604630e-01,6.199500e-01,7.941653e-01,3.691434e-01,3.444174e-01,4.996493e-01,3.358199e-01,1.294765e-02,1.046422e-02,9.456407e-03,9.789206e-03,5.907984e-03,0.000000e+00,0.000000e+00,0.000000e+00,9.406329e-03,1.093962e-01,0.000000e+00,6.456676e-01,8.214092e-01,0.000000e+00,0.000000e+00,2.166619e-02,1.881266e-02,1.786588e-02,2.846482e-01,0.000000e+00,0.000000e+00,0.000000e+00,0.000000e+00,0.000000e+00,0.000000e+00,0.000000e+00,0.000000e+00,0.000000e+00,0.000000e+00,1.510720e-01,3.052935e-01,3.041551e-01,2.968618e-01,1.647474e-01,3.210391e-02,3.143694e-01,,,,,,,,,,,,,,,,,,,,,,,,,,0.000000e+00,3.172367e-01,0.000000e+00,0.000000e+00,7.525063e-02,9.406329e-03,1.881266e-02,0.000000e+00,9.406329e-02
soc_academia_eu,,,,,,,,,,,,,,,,,,,,,,,,,,,,,,,,,,,,,,,,,,,,1.000000e+00,3.955904e-03,3.651066e-01,0.000000e+00,1.711009e-01,6.489944e-02,5.627863e-02,1.831587e-02,1.683119e-02,2.381522e-02,1.216374e-01,3.054064e-01,2.333014e-01,2.090364e-01,2.167272e-01,1.302394e-01,0.000000e+00,0.000000e+00,0.000000e+00,5.379223e-04,3.299864e-01,0.000000e+00,5.635933e-02,4.839263e-02,0.000000e+00,0.000000e+00,1.064331e-03,1.075845e-03,3.643385e-01,1.280268e-01,0.000000e+00,0.000000e+00,0.000000e+00,0.000000e+00,0.000000e+00,0.000000e+00,0.000000e+00,0.000000e+00,0.000000e+00,0.000000e+00,8.307696e-03,1.488604e-01,1.451569e-01,1.497683e-01,2.282824e-01,1.735867e-03,1.491958e-02,,,,,,,,,,,,,,,,,,,,,,,,,,0.000000e+00,1.547261e-02,0.000000e+00,0.000000e+00,4.303378e-03,5.379223e-04,1.075845e-03,0.000000e+00,5.379223e-03
soc_email_Eu_core,,,,,,,,,,,,,,,,,,,,,,,,,,,,,,,,,,,,,,,,,,,,,1.000000e+00,1.310430e-02,0.000000e+00,2.783493e-02,7.635720e-02,5.860088e-02,1.676321e-01,2.009791e-01,1.849884e-01,4.065527e-02,6.361531e-04,6.753724e-04,6.289392e-04,6.453654e-04,4.013281e-04,0.000000e+00,0.000000e+00,0.000000e+00,1.105207e-02,1.161600e-02,0.000000e+00,8.496211e-02,1.012702e-01,0.000000e+00,0.000000e+00,4.463337e-02,2.210414e-02,2.183946e-03,1.755321e-02,0.000000e+00,0.000000e+00,0.000000e+00,0.000000e+00,0.000000e+00,0.000000e+00,0.000000e+00,0.000000e+00,0.000000e+00,0.000000e+00,1.221889e-01,3.203368e-02,3.289583e-02,3.178978e-02,9.906959e-03,4.697131e-02,3.084921e-01,,,,,,,,,,,,,,,,,,,,,,,,,,0.000000e+00,2.290121e-01,0.000000e+00,0.000000e+00,8.841658e-02,1.105207e-02,2.210414e-02,0.000000e+00,1.083333e-01
soc_google_plus,,,,,,,,,,,,,,,,,,,,,,,,,,,,,,,,,,,,,,,,,,,,,,1.000000e+00,0.000000e+00,4.729171e-01,1.839463e-01,1.433480e-01,4.658904e-02,4.355758e-02,6.551520e-02,3.426358e-01,9.918765e-02,8.026069e-02,7.249939e-02,7.502800e-02,4.536019e-02,0.000000e+00,0.000000e+00,0.000000e+00,1.200387e-03,8.667564e-01,0.000000e+00,1.623612e-01,1.372775e-01,0.000000e+00,0.000000e+00,2.699151e-03,2.400774e-03,1.439846e-01,3.128210e-01,0.000000e+00,0.000000e+00,0.000000e+00,0.000000e+00,0.000000e+00,0.000000e+00,0.000000e+00,0.000000e+00,0.000000e+00,0.000000e+00,1.914784e-02,4.062230e-01,4.010584e-01,4.130608e-01,5.579603e-01,4.049013e-03,4.199692e-02,,,,,,,,,,,,,,,,,,,,,,,,,,0.000000e+00,4.078175e-02,0.000000e+00,0.000000e+00,9.603095e-03,1.200387e-03,2.400774e-03,0.000000e+00,1.200387e-02
soc_myspace_aminer,,,,,,,,,,,,,,,,,,,,,,,,,,,,,,,,,,,,,,,,,,,,,,,0.000000e+00,0.000000e+00,0.000000e+00,0.000000e+00,0.000000e+00,0.000000e+00,0.000000e+00,0.000000e+00,0.000000e+00,0.000000e+00,0.000000e+00,0.000000e+00,0.000000e+00,0.000000e+00,0.000000e+00,0.000000e+00,0.000000e+00,0.000000e+00,0.000000e+00,0.000000e+00,0.000000e+00,0.000000e+00,0.000000e+00,0.000000e+00,0.000000e+00,0.000000e+00,0.000000e+00,0.000000e+00,0.000000e+00,0.000000e+00,0.000000e+00,0.000000e+00,0.000000e+00,0.000000e+00,0.000000e+00,0.000000e+00,0.000000e+00,0.000000e+00,0.000000e+00,0.000000e+00,0.000000e+00,0.000000e+00,0.000000e+00,0.000000e+00,,,,,,,,,,,,,,,,,,,,,,,,,,0.000000e+00,0.000000e+00,0.000000e+00,0.000000e+00,0.000000e+00,0.000000e+00,0.000000e+00,0.000000e+00,0.000000e+00
soc_qa_user_askubuntu,,,,,,,,,,,,,,,,,,,,,,,,,,,,,,,,,,,,,,,,,,,,,,,,1.000000e+00,3.869397e-01,2.873104e-01,9.442898e-02,8.917027e-02,1.367703e-01,7.178791e-01,4.160937e-02,3.590095e-02,3.271813e-02,3.380787e-02,2.052411e-02,0.000000e+00,0.000000e+00,0.000000e+00,2.061809e-03,4.128893e-01,0.000000e+00,3.437718e-01,2.876209e-01,0.000000e+00,0.000000e+00,5.535380e-03,4.123619e-03,6.940590e-02,6.037572e-01,0.000000e+00,0.000000e+00,0.000000e+00,0.000000e+00,0.000000e+00,0.000000e+00,0.000000e+00,0.000000e+00,0.000000e+00,0.000000e+00,3.474318e-02,8.418404e-01,8.403857e-01,8.648922e-01,5.567445e-01,7.496492e-03,8.816827e-02,,,,,,,,,,,,,,,,,,,,,,,,,,0.000000e+00,8.386021e-02,0.000000e+00,0.000000e+00,1.649448e-02,2.061809e-03,4.123619e-03,0.000000e+00,2.061809e-02
soc_qa_user_mathoverflow,,,,,,,,,,,,,,,,,,,,,,,,,,,,,,,,,,,,,,,,,,,,,,,,,1.000000e+00,6.709117e-01,2.214920e-01,2.095010e-01,3.336671e-01,5.200977e-01,1.549217e-02,1.333335e-02,1.214800e-02,1.254760e-02,7.623237e-03,0.000000e+00,0.000000e+00,0.000000e+00,4.860870e-03,1.614940e-01,0.000000e+00,8.520814e-01,7.177781e-01,0.000000e+00,0.000000e+00,1.298919e-02,9.721740e-03,2.758691e-02,3.607204e-01,0.000000e+00,0.000000e+00,0.000000e+00,0.000000e+00,0.000000e+00,0.000000e+00,0.000000e+00,0.000000e+00,0.000000e+00,0.000000e+00,8.107857e-02,4.487784e-01,4.536539e-01,4.411032e-01,2.085440e-01,1.749355e-02,2.172852e-01,,,,,,,,,,,,,,,,,,,,,,,,,,0.000000e+00,1.963878e-01,0.000000e+00,0.000000e+00,3.888696e-02,4.860870e-03,9.721740e-03,0.000000e+00,4.860870e-02
soc_twitter_event_Cannes2013,,,,,,,,,,,,,,,,,,,,,,,,,,,,,,,,,,,,,,,,,,,,,,,,,,1.000000e+00,3.189782e-01,2.889754e-01,3.946950e-01,3.679824e-01,1.921212e-02,1.380282e-02,1.225080e-02,1.272068e-02,7.603889e-03,0.000000e+00,0.000000e+00,0.000000e+00,1.086755e-02,1.223091e-01,0.000000e+00,6.830539e-01,7.910679e-01,0.000000e+00,0.000000e+00,1.832070e-02,2.173510e-02,1.952354e-02,3.811853e-01,0.000000e+00,0.000000e+00,0.000000e+00,0.000000e+00,0.000000e+00,0.000000e+00,0.000000e+00,0.000000e+00,0.000000e+00,0.000000e+00,1.607012e-01,3.467378e-01,3.364929e-01,3.291673e-01,2.180494e-01,3.333919e-02,2.436029e-01,,,,,,,,,,,,,,,,,,,,,,,,,,0.000000e+00,2.616943e-01,0.000000e+00,0.000000e+00,8.694040e-02,1.086755e-02,2.173510e-02,0.000000e+00,1.086755e-01
soc_twitter_event_MoscvowAthletics2013,,,,,,,,,,,,,,,,,,,,,,,,,,,,,,,,,,,,,,,,,,,,,,,,,,,1.000000e+00,8.664161e-01,6.386635e-01,1.213127e-01,5.957084e-03,4.407940e-03,3.930335e-03,4.079666e-03,2.439980e-03,0.000000e+00,0.000000e+00,0.000000e+00,3.006854e-02,3.949668e-02,0.000000e+00,2.239584e-01,2.911692e-01,0.000000e+00,0.000000e+00,5.841256e-02,6.013708e-02,6.363397e-03,1.205349e-01,0.000000e+00,0.000000e+00,0.000000e+00,0.000000e+00,0.000000e+00,0.000000e+00,0.000000e+00,0.000000e+00,0.000000e+00,0.000000e+00,4.563343e-01,1.131935e-01,1.107543e-01,1.081827e-01,7.011740e-02,9.493699e-02,7.195224e-01,,,,,,,,,,,,,,,,,,,,,,,,,,0.000000e+00,7.684280e-01,0.000000e+00,0.000000e+00,2.405483e-01,3.006854e-02,6.013708e-02,0.000000e+00,3.006854e-01
soc_twitter_event_NYClimateMarch2014,,,,,,,,,,,,,,,,,,,,,,,,,,,,,,,,,,,,,,,,,,,,,,,,,,,,1.000000e+00,6.005840e-01,1.144783e-01,5.086728e-03,3.916685e-03,3.515035e-03,3.644230e-03,2.188269e-03,0.000000e+00,0.000000e+00,0.000000e+00,2.979833e-02,3.708111e-02,0.000000e+00,2.144247e-01,2.763812e-01,0.000000e+00,0.000000e+00,6.188474e-02,5.959666e-02,6.042567e-03,1.069812e-01,0.000000e+00,0.000000e+00,0.000000e+00,0.000000e+00,0.000000e+00,0.000000e+00,0.000000e+00,0.000000e+00,0.000000e+00,0.000000e+00,4.646411e-01,1.058818e-01,1.040833e-01,1.016425e-01,6.208262e-02,9.753632e-02,8.247220e-01,,,,,,,,,,,,,,,,,,,,,,,,,,0.000000e+00,8.683552e-01,0.000000e+00,0.000000e+00,2.383866e-01,2.979833e-02,5.959666e-02,0.000000e+00,2.979833e-01
soc_wiki_talk_ar,,,,,,,,,,,,,,,,,,,,,,,,,,,,,,,,,,,,,,,,,,,,,,,,,,,,,1.000000e+00,1.821407e-01,6.056404e-03,5.072881e-03,4.607238e-03,4.765042e-03,2.883230e-03,0.000000e+00,0.000000e+00,0.000000e+00,1.483928e-02,5.600788e-02,0.000000e+00,3.451433e-01,4.425794e-01,0.000000e+00,0.000000e+00,3.733755e-02,2.967856e-02,9.588687e-03,1.384861e-01,0.000000e+00,0.000000e+00,0.000000e+00,0.000000e+00,0.000000e+00,0.000000e+00,0.000000e+00,0.000000e+00,0.000000e+00,0.000000e+00,2.459012e-01,1.599786e-01,1.600867e-01,1.561275e-01,8.010164e-02,5.272732e-02,5.916804e-01,,,,,,,,,,,,,,,,,,,,,,,,,,0.000000e+00,5.565927e-01,0.000000e+00,0.000000e+00,1.187142e-01,1.483928e-02,2.967856e-02,0.000000e+00,1.483928e-01
soc_wiki_talk_fr,,,,,,,,,,,,,,,,,,,,,,,,,,,,,,,,,,,,,,,,,,,,,,,,,,,,,,1.000000e+00,3.020485e-02,2.536116e-02,2.304161e-02,2.381948e-02,1.442865e-02,0.000000e+00,0.000000e+00,0.000000e+00,2.795572e-03,2.947219e-01,0.000000e+00,4.497376e-01,3.869541e-01,0.000000e+00,0.000000e+00,7.087745e-03,5.591144e-03,5.118194e-02,6.956333e-01,0.000000e+00,0.000000e+00,0.000000e+00,0.000000e+00,0.000000e+00,0.000000e+00,0.000000e+00,0.000000e+00,0.000000e+00,0.000000e+00,4.617365e-02,8.391540e-01,8.403641e-01,8.197077e-01,4.015922e-01,9.908470e-03,1.174751e-01,,,,,,,,,,,,,,,,,,,,,,,,,,0.000000e+00,1.061302e-01,0.000000e+00,0.000000e+00,2.236458e-02,2.795572e-03,5.591144e-03,0.000000e+00,2.795572e-02
sps_nosym_amazon0302,,,,,,,,,,,,,,,,,,,,,,,,,,,,,,,,,,,,,,,,,,,,,,,,,,,,,,,1.000000e+00,5.853954e-01,5.004595e-01,5.228667e-01,3.070206e-01,0.000000e+00,0.000000e+00,0.000000e+00,3.319266e-04,9.057740e-02,0.000000e+00,1.215584e-02,1.186386e-02,0.000000e+00,0.000000e+00,3.067580e-04,6.638531e-04,5.535905e-01,5.326534e-02,0.000000e+00,0.000000e+00,0.000000e+00,0.000000e+00,0.000000e+00,0.000000e+00,0.000000e+00,0.000000e+00,0.000000e+00,0.000000e+00,4.369530e-03,4.020309e-02,3.550961e-02,3.691514e-02,9.333577e-02,8.572164e-04,3.544825e-03,,,,,,,,,,,,,,,,,,,,,,,,,,0.000000e+00,4.353497e-03,0.000000e+00,0.000000e+00,2.655413e-03,3.319266e-04,6.638531e-04,0.000000e+00,3.319266e-03
sps_nosym_amazon0312,,,,,,,,,,,,,,,,,,,,,,,,,,,,,,,,,,,,,,,,,,,,,,,,,,,,,,,,1.000000e+00,8.774781e-01,9.132298e-01,5.427586e-01,0.000000e+00,0.000000e+00,0.000000e+00,1.766567e-04,7.198746e-02,0.000000e+00,1.120970e-02,1.000451e-02,0.000000e+00,0.000000e+00,2.534490e-04,3.533133e-04,4.897683e-01,3.454556e-02,0.000000e+00,0.000000e+00,0.000000e+00,0.000000e+00,0.000000e+00,0.000000e+00,0.000000e+00,0.000000e+00,0.000000e+00,0.000000e+00,2.520376e-03,3.254086e-02,3.051570e-02,3.157532e-02,6.122128e-02,5.104562e-04,3.077375e-03,,,,,,,,,,,,,,,,,,,,,,,,,,0.000000e+00,3.507731e-03,0.000000e+00,0.000000e+00,1.413253e-03,1.766567e-04,3.533133e-04,0.000000e+00,1.766567e-03
sps_nosym_amazon0505,,,,,,,,,,,,,,,,,,,,,,,,,,,,,,,,,,,,,,,,,,,,,,,,,,,,,,,,,1.000000e+00,9.612497e-01,6.192910e-01,0.000000e+00,0.000000e+00,0.000000e+00,1.477560e-04,6.487706e-02,0.000000e+00,1.029125e-02,9.092246e-03,0.000000e+00,0.000000e+00,2.290051e-04,2.955120e-04,4.464600e-01,3.014570e-02,0.000000e+00,0.000000e+00,0.000000e+00,0.000000e+00,0.000000e+00,0.000000e+00,0.000000e+00,0.000000e+00,0.000000e+00,0.000000e+00,2.145633e-03,2.940234e-02,2.779515e-02,2.874498e-02,5.351683e-02,4.380529e-04,2.806823e-03,,,,,,,,,,,,,,,,,,,,,,,,,,0.000000e+00,3.169158e-03,0.000000e+00,0.000000e+00,1.182048e-03,1.477560e-04,2.955120e-04,0.000000e+00,1.477560e-03
sps_nosym_amazon0601,,,,,,,,,,,,,,,,,,,,,,,,,,,,,,,,,,,,,,,,,,,,,,,,,,,,,,,,,,1.000000e+00,5.952221e-01,0.000000e+00,0.000000e+00,0.000000e+00,1.547091e-04,6.708828e-02,0.000000e+00,1.061028e-02,9.393731e-03,0.000000e+00,0.000000e+00,2.380964e-04,3.094183e-04,4.611221e-01,3.139993e-02,0.000000e+00,0.000000e+00,0.000000e+00,0.000000e+00,0.000000e+00,0.000000e+00,0.000000e+00,0.000000e+00,0.000000e+00,0.000000e+00,2.242278e-03,3.042532e-02,2.872558e-02,2.971201e-02,5.574494e-02,4.572040e-04,2.899144e-03,,,,,,,,,,,,,,,,,,,,,,,,,,0.000000e+00,3.282793e-03,0.000000e+00,0.000000e+00,1.237673e-03,1.547091e-04,3.094183e-04,0.000000e+00,1.547091e-03
sps_nosym_amazon_2008,,,,,,,,,,,,,,,,,,,,,,,,,,,,,,,,,,,,,,,,,,,,,,,,,,,,,,,,,,,1.000000e+00,0.000000e+00,0.000000e+00,0.000000e+00,9.004853e-05,4.066857e-02,0.000000e+00,6.491446e-03,5.704605e-03,0.000000e+00,0.000000e+00,1.425228e-04,1.800971e-04,2.803913e-01,1.861480e-02,0.000000e+00,0.000000e+00,0.000000e+00,0.000000e+00,0.000000e+00,0.000000e+00,0.000000e+00,0.000000e+00,0.000000e+00,0.000000e+00,1.312752e-03,1.838527e-02,1.743192e-02,1.802113e-02,3.304874e-02,2.679607e-04,1.762467e-03,,,,,,,,,,,,,,,,,,,,,,,,,,0.000000e+00,1.981492e-03,0.000000e+00,0.000000e+00,7.203882e-04,9.004853e-05,1.800971e-04,0.000000e+00,9.004853e-04
sps_nosym_barth,,,,,,,,,,,,,,,,,,,,,,,,,,,,,,,,,,,,,,,,,,,,,,,,,,,,,,,,,,,,0.000000e+00,0.000000e+00,0.000000e+00,0.000000e+00,0.000000e+00,0.000000e+00,0.000000e+00,0.000000e+00,0.000000e+00,0.000000e+00,0.000000e+00,0.000000e+00,0.000000e+00,0.000000e+00,0.000000e+00,0.000000e+00,0.000000e+00,0.000000e+00,0.000000e+00,0.000000e+00,0.000000e+00,0.000000e+00,0.000000e+00,0.000000e+00,0.000000e+00,0.000000e+00,0.000000e+00,0.000000e+00,0.000000e+00,0.000000e+00,0.000000e+00,,,,,,,,,,,,,,,,,,,,,,,,,,0.000000e+00,0.000000e+00,0.000000e+00,0.000000e+00,0.000000e+00,0.000000e+00,0.000000e+00,0.000000e+00,0.000000e+00
sps_nosym_barth4,,,,,,,,,,,,,,,,,,,,,,,,,,,,,,,,,,,,,,,,,,,,,,,,,,,,,,,,,,,,,0.000000e+00,0.000000e+00,0.000000e+00,0.000000e+00,0.000000e+00,0.000000e+00,0.000000e+00,0.000000e+00,0.000000e+00,0.000000e+00,0.000000e+00,0.000000e+00,0.000000e+00,0.000000e+00,0.000000e+00,0.000000e+00,0.000000e+00,0.000000e+00,0.000000e+00,0.000000e+00,0.000000e+00,0.000000e+00,0.000000e+00,0.000000e+00,0.000000e+00,0.000000e+00,0.000000e+00,0.000000e+00,0.000000e+00,0.000000e+00,,,,,,,,,,,,,,,,,,,,,,,,,,0.000000e+00,0.000000e+00,0.000000e+00,0.000000e+00,0.000000e+00,0.000000e+00,0.000000e+00,0.000000e+00,0.000000e+00
sps_nosym_barth5,,,,,,,,,,,,,,,,,,,,,,,,,,,,,,,,,,,,,,,,,,,,,,,,,,,,,,,,,,,,,,0.000000e+00,0.000000e+00,0.000000e+00,0.000000e+00,0.000000e+00,0.000000e+00,0.000000e+00,0.000000e+00,0.000000e+00,0.000000e+00,0.000000e+00,0.000000e+00,0.000000e+00,0.000000e+00,0.000000e+00,0.000000e+00,0.000000e+00,0.000000e+00,0.000000e+00,0.000000e+00,0.000000e+00,0.000000e+00,0.000000e+00,0.000000e+00,0.000000e+00,0.000000e+00,0.000000e+00,0.000000e+00,0.000000e+00,,,,,,,,,,,,,,,,,,,,,,,,,,0.000000e+00,0.000000e+00,0.000000e+00,0.000000e+00,0.000000e+00,0.000000e+00,0.000000e+00,0.000000e+00,0.000000e+00
sps_nosym_California,,,,,,,,,,,,,,,,,,,,,,,,,,,,,,,,,,,,,,,,,,,,,,,,,,,,,,,,,,,,,,,1.000000e+00,1.061684e-03,0.000000e+00,4.283306e-03,6.705246e-03,0.000000e+00,0.000000e+00,2.051282e-01,5.000000e-01,1.389634e-04,5.183818e-03,0.000000e+00,0.000000e+00,0.000000e+00,0.000000e+00,0.000000e+00,0.000000e+00,0.000000e+00,0.000000e+00,0.000000e+00,0.000000e+00,7.496252e-02,2.901020e-03,2.433313e-03,2.398836e-03,2.936118e-03,3.431953e-01,1.978306e-02,,,,,,,,,,,,,,,,,,,,,,,,,,0.000000e+00,2.613917e-02,0.000000e+00,0.000000e+00,1.250000e-01,1.000000e+00,5.000000e-01,0.000000e+00,1.000000e-01
sps_nosym_cnr_2000,,,,,,,,,,,,,,,,,,,,,,,,,,,,,,,,,,,,,,,,,,,,,,,,,,,,,,,,,,,,,,,,1.000000e+00,0.000000e+00,1.465439e-01,1.214518e-01,0.000000e+00,0.000000e+00,2.215959e-03,2.123368e-03,1.320988e-01,2.694604e-01,0.000000e+00,0.000000e+00,0.000000e+00,0.000000e+00,0.000000e+00,0.000000e+00,0.000000e+00,0.000000e+00,0.000000e+00,0.000000e+00,1.643009e-02,3.515116e-01,3.502745e-01,3.600572e-01,4.776470e-01,3.445663e-03,3.654524e-02,,,,,,,,,,,,,,,,,,,,,,,,,,0.000000e+00,3.520173e-02,0.000000e+00,0.000000e+00,8.493472e-03,1.061684e-03,2.123368e-03,0.000000e+00,1.061684e-02
sps_nosym_CSphd,,,,,,,,,,,,,,,,,,,,,,,,,,,,,,,,,,,,,,,,,,,,,,,,,,,,,,,,,,,,,,,,,0.000000e+00,0.000000e+00,0.000000e+00,0.000000e+00,0.000000e+00,0.000000e+00,0.000000e+00,0.000000e+00,0.000000e+00,0.000000e+00,0.000000e+00,0.000000e+00,0.000000e+00,0.000000e+00,0.000000e+00,0.000000e+00,0.000000e+00,0.000000e+00,0.000000e+00,0.000000e+00,0.000000e+00,0.000000e+00,0.000000e+00,0.000000e+00,0.000000e+00,0.000000e+00,,,,,,,,,,,,,,,,,,,,,,,,,,0.000000e+00,0.000000e+00,0.000000e+00,0.000000e+00,0.000000e+00,0.000000e+00,0.000000e+00,0.000000e+00,0.000000e+00
sps_nosym_email_EuAll,,,,,,,,,,,,,,,,,,,,,,,,,,,,,,,,,,,,,,,,,,,,,,,,,,,,,,,,,,,,,,,,,,1.000000e+00,7.507457e-01,0.000000e+00,0.000000e+00,1.329455e-02,8.566612e-03,2.455875e-02,2.926887e-01,0.000000e+00,0.000000e+00,0.000000e+00,0.000000e+00,0.000000e+00,0.000000e+00,0.000000e+00,0.000000e+00,0.000000e+00,0.000000e+00,7.394261e-02,3.927616e-01,4.021620e-01,3.899300e-01,1.699780e-01,1.621431e-02,2.287456e-01,,,,,,,,,,,,,,,,,,,,,,,,,,0.000000e+00,2.067066e-01,0.000000e+00,0.000000e+00,3.426645e-02,4.283306e-03,8.566612e-03,0.000000e+00,4.283306e-02
sps_nosym_enron,,,,,,,,,,,,,,,,,,,,,,,,,,,,,,,,,,,,,,,,,,,,,,,,,,,,,,,,,,,,,,,,,,,1.000000e+00,0.000000e+00,0.000000e+00,1.642011e-02,1.341049e-02,2.055893e-02,2.746826e-01,0.000000e+00,0.000000e+00,0.000000e+00,0.000000e+00,0.000000e+00,0.000000e+00,0.000000e+00,0.000000e+00,0.000000e+00,0.000000e+00,1.102493e-01,3.346596e-01,3.373221e-01,3.284080e-01,1.567008e-01,2.357348e-02,2.898193e-01,,,,,,,,,,,,,,,,,,,,,,,,,,0.000000e+00,2.619085e-01,0.000000e+00,0.000000e+00,5.364197e-02,6.705246e-03,1.341049e-02,0.000000e+00,6.705246e-02
sps_nosym_EPA,,,,,,,,,,,,,,,,,,,,,,,,,,,,,,,,,,,,,,,,,,,,,,,,,,,,,,,,,,,,,,,,,,,,0.000000e+00,0.000000e+00,0.000000e+00,0.000000e+00,0.000000e+00,0.000000e+00,0.000000e+00,0.000000e+00,0.000000e+00,0.000000e+00,0.000000e+00,0.000000e+00,0.000000e+00,0.000000e+00,0.000000e+00,0.000000e+00,0.000000e+00,0.000000e+00,0.000000e+00,0.000000e+00,0.000000e+00,0.000000e+00,0.000000e+00,,,,,,,,,,,,,,,,,,,,,,,,,,0.000000e+00,0.000000e+00,0.000000e+00,0.000000e+00,0.000000e+00,0.000000e+00,0.000000e+00,0.000000e+00,0.000000e+00
sps_nosym_EVA,,,,,,,,,,,,,,,,,,,,,,,,,,,,,,,,,,,,,,,,,,,,,,,,,,,,,,,,,,,,,,,,,,,,,0.000000e+00,0.000000e+00,0.000000e+00,0.000000e+00,0.000000e+00,0.000000e+00,0.000000e+00,0.000000e+00,0.000000e+00,0.000000e+00,0.000000e+00,0.000000e+00,0.000000e+00,0.000000e+00,0.000000e+00,0.000000e+00,0.000000e+00,0.000000e+00,0.000000e+00,0.000000e+00,0.000000e+00,0.000000e+00,,,,,,,,,,,,,,,,,,,,,,,,,,0.000000e+00,0.000000e+00,0.000000e+00,0.000000e+00,0.000000e+00,0.000000e+00,0.000000e+00,0.000000e+00,0.000000e+00
sps_nosym_GD06_Java,,,,,,,,,,,,,,,,,,,,,,,,,,,,,,,,,,,,,,,,,,,,,,,,,,,,,,,,,,,,,,,,,,,,,,1.000000e+00,3.333333e-01,3.682588e-04,6.522041e-03,0.000000e+00,0.000000e+00,0.000000e+00,0.000000e+00,0.000000e+00,0.000000e+00,0.000000e+00,0.000000e+00,0.000000e+00,0.000000e+00,6.596702e-02,6.581042e-03,6.514066e-03,6.336990e-03,4.074005e-03,4.378698e-01,5.249255e-02,,,,,,,,,,,,,,,,,,,,,,,,,,0.000000e+00,5.940186e-02,0.000000e+00,0.000000e+00,8.333333e-02,2.051282e-01,3.333333e-01,0.000000e+00,6.666667e-02
sps_nosym_HEP_th,,,,,,,,,,,,,,,,,,,,,,,,,,,,,,,,,,,,,,,,,,,,,,,,,,,,,,,,,,,,,,,,,,,,,,,1.000000e+00,2.779267e-04,1.036764e-02,0.000000e+00,0.000000e+00,0.000000e+00,0.000000e+00,0.000000e+00,0.000000e+00,0.000000e+00,0.000000e+00,0.000000e+00,0.000000e+00,1.499250e-01,5.802039e-03,4.866625e-03,4.797671e-03,5.872236e-03,6.863905e-01,3.956612e-02,,,,,,,,,,,,,,,,,,,,,,,,,,0.000000e+00,5.227835e-02,0.000000e+00,0.000000e+00,2.500000e-01,5.000000e-01,1.000000e+00,0.000000e+00,2.000000e-01
sps_nosym_higgs_twitter,,,,,,,,,,,,,,,,,,,,,,,,,,,,,,,,,,,,,,,,,,,,,,,,,,,,,,,,,,,,,,,,,,,,,,,,1.000000e+00,4.079671e-02,0.000000e+00,0.000000e+00,0.000000e+00,0.000000e+00,0.000000e+00,0.000000e+00,0.000000e+00,0.000000e+00,0.000000e+00,0.000000e+00,2.328278e-03,5.900260e-02,5.888173e-02,6.053318e-02,7.275650e-02,5.017055e-04,6.265502e-03,,,,,,,,,,,,,,,,,,,,,,,,,,0.000000e+00,5.740030e-03,0.000000e+00,0.000000e+00,1.111707e-03,1.389634e-04,2.779267e-04,0.000000e+00,1.389634e-03
sps_nosym_NotreDame_www,,,,,,,,,,,,,,,,,,,,,,,,,,,,,,,,,,,,,,,,,,,,,,,,,,,,,,,,,,,,,,,,,,,,,,,,,1.000000e+00,0.000000e+00,0.000000e+00,0.000000e+00,0.000000e+00,0.000000e+00,0.000000e+00,0.000000e+00,0.000000e+00,0.000000e+00,0.000000e+00,7.247616e-02,7.551605e-01,7.077596e-01,6.954351e-01,5.558526e-01,1.453543e-02,8.334782e-02,,,,,,,,,,,,,,,,,,,,,,,,,,0.000000e+00,9.515736e-02,0.000000e+00,0.000000e+00,4.147055e-02,5.183818e-03,1.036764e-02,0.000000e+00,5.183818e-02
sps_nosym_p2p_Gnutella04,,,,,,,,,,,,,,,,,,,,,,,,,,,,,,,,,,,,,,,,,,,,,,,,,,,,,,,,,,,,,,,,,,,,,,,,,,0.000000e+00,0.000000e+00,0.000000e+00,0.000000e+00,0.000000e+00,0.000000e+00,0.000000e+00,0.000000e+00,0.000000e+00,0.000000e+00,0.000000e+00,0.000000e+00,0.000000e+00,0.000000e+00,0.000000e+00,0.000000e+00,0.000000e+00,,,,,,,,,,,,,,,,,,,,,,,,,,0.000000e+00,0.000000e+00,0.000000e+00,0.000000e+00,0.000000e+00,0.000000e+00,0.000000e+00,0.000000e+00,0.000000e+00
sps_nosym_p2p_Gnutella05,,,,,,,,,,,,,,,,,,,,,,,,,,,,,,,,,,,,,,,,,,,,,,,,,,,,,,,,,,,,,,,,,,,,,,,,,,,0.000000e+00,0.000000e+00,0.000000e+00,0.000000e+00,0.000000e+00,0.000000e+00,0.000000e+00,0.000000e+00,0.000000e+00,0.000000e+00,0.000000e+00,0.000000e+00,0.000000e+00,0.000000e+00,0.000000e+00,0.000000e+00,,,,,,,,,,,,,,,,,,,,,,,,,,0.000000e+00,0.000000e+00,0.000000e+00,0.000000e+00,0.000000e+00,0.000000e+00,0.000000e+00,0.000000e+00,0.000000e+00
sps_nosym_p2p_Gnutella06,,,,,,,,,,,,,,,,,,,,,,,,,,,,,,,,,,,,,,,,,,,,,,,,,,,,,,,,,,,,,,,,,,,,,,,,,,,,0.000000e+00,0.000000e+00,0.000000e+00,0.000000e+00,0.000000e+00,0.000000e+00,0.000000e+00,0.000000e+00,0.000000e+00,0.000000e+00,0.000000e+00,0.000000e+00,0.000000e+00,0.000000e+00,0.000000e+00,,,,,,,,,,,,,,,,,,,,,,,,,,0.000000e+00,0.000000e+00,0.000000e+00,0.000000e+00,0.000000e+00,0.000000e+00,0.000000e+00,0.000000e+00,0.000000e+00
sps_nosym_p2p_Gnutella08,,,,,,,,,,,,,,,,,,,,,,,,,,,,,,,,,,,,,,,,,,,,,,,,,,,,,,,,,,,,,,,,,,,,,,,,,,,,,0.000000e+00,0.000000e+00,0.000000e+00,0.000000e+00,0.000000e+00,0.000000e+00,0.000000e+00,0.000000e+00,0.000000e+00,0.000000e+00,0.000000e+00,0.000000e+00,0.000000e+00,0.000000e+00,,,,,,,,,,,,,,,,,,,,,,,,,,0.000000e+00,0.000000e+00,0.000000e+00,0.000000e+00,0.000000e+00,0.000000e+00,0.000000e+00,0.000000e+00,0.000000e+00
sps_nosym_p2p_Gnutella09,,,,,,,,,,,,,,,,,,,,,,,,,,,,,,,,,,,,,,,,,,,,,,,,,,,,,,,,,,,,,,,,,,,,,,,,,,,,,,0.000000e+00,0.000000e+00,0.000000e+00,0.000000e+00,0.000000e+00,0.000000e+00,0.000000e+00,0.000000e+00,0.000000e+00,0.000000e+00,0.000000e+00,0.000000e+00,0.000000e+00,,,,,,,,,,,,,,,,,,,,,,,,,,0.000000e+00,0.000000e+00,0.000000e+00,0.000000e+00,0.000000e+00,0.000000e+00,0.000000e+00,0.000000e+00,0.000000e+00
sps_nosym_p2p_Gnutella24,,,,,,,,,,,,,,,,,,,,,,,,,,,,,,,,,,,,,,,,,,,,,,,,,,,,,,,,,,,,,,,,,,,,,,,,,,,,,,,0.000000e+00,0.000000e+00,0.000000e+00,0.000000e+00,0.000000e+00,0.000000e+00,0.000000e+00,0.000000e+00,0.000000e+00,0.000000e+00,0.000000e+00,0.000000e+00,,,,,,,,,,,,,,,,,,,,,,,,,,0.000000e+00,0.000000e+00,0.000000e+00,0.000000e+00,0.000000e+00,0.000000e+00,0.000000e+00,0.000000e+00,0.000000e+00
sps_nosym_p2p_Gnutella25,,,,,,,,,,,,,,,,,,,,,,,,,,,,,,,,,,,,,,,,,,,,,,,,,,,,,,,,,,,,,,,,,,,,,,,,,,,,,,,,0.000000e+00,0.000000e+00,0.000000e+00,0.000000e+00,0.000000e+00,0.000000e+00,0.000000e+00,0.000000e+00,0.000000e+00,0.000000e+00,0.000000e+00,,,,,,,,,,,,,,,,,,,,,,,,,,0.000000e+00,0.000000e+00,0.000000e+00,0.000000e+00,0.000000e+00,0.000000e+00,0.000000e+00,0.000000e+00,0.000000e+00
sps_nosym_p2p_Gnutella30,,,,,,,,,,,,,,,,,,,,,,,,,,,,,,,,,,,,,,,,,,,,,,,,,,,,,,,,,,,,,,,,,,,,,,,,,,,,,,,,,0.000000e+00,0.000000e+00,0.000000e+00,0.000000e+00,0.000000e+00,0.000000e+00,0.000000e+00,0.000000e+00,0.000000e+00,0.000000e+00,,,,,,,,,,,,,,,,,,,,,,,,,,0.000000e+00,0.000000e+00,0.000000e+00,0.000000e+00,0.000000e+00,0.000000e+00,0.000000e+00,0.000000e+00,0.000000e+00
sps_nosym_p2p_Gnutella31,,,,,,,,,,,,,,,,,,,,,,,,,,,,,,,,,,,,,,,,,,,,,,,,,,,,,,,,,,,,,,,,,,,,,,,,,,,,,,,,,,0.000000e+00,0.000000e+00,0.000000e+00,0.000000e+00,0.000000e+00,0.000000e+00,0.000000e+00,0.000000e+00,0.000000e+00,,,,,,,,,,,,,,,,,,,,,,,,,,0.000000e+00,0.000000e+00,0.000000e+00,0.000000e+00,0.000000e+00,0.000000e+00,0.000000e+00,0.000000e+00,0.000000e+00
sps_nosym_rajat01,,,,,,,,,,,,,,,,,,,,,,,,,,,,,,,,,,,,,,,,,,,,,,,,,,,,,,,,,,,,,,,,,,,,,,,,,,,,,,,,,,,0.000000e+00,0.000000e+00,0.000000e+00,0.000000e+00,0.000000e+00,0.000000e+00,0.000000e+00,0.000000e+00,,,,,,,,,,,,,,,,,,,,,,,,,,0.000000e+00,0.000000e+00,0.000000e+00,0.000000e+00,0.000000e+00,0.000000e+00,0.000000e+00,0.000000e+00,0.000000e+00
sps_nosym_Roget,,,,,,,,,,,,,,,,,,,,,,,,,,,,,,,,,,,,,,,,,,,,,,,,,,,,,,,,,,,,,,,,,,,,,,,,,,,,,,,,,,,,1.000000e+00,4.634828e-02,4.091489e-02,4.028533e-02,4.132054e-02,1.919040e-01,3.331647e-01,,,,,,,,,,,,,,,,,,,,,,,,,,0.000000e+00,4.195808e-01,0.000000e+00,0.000000e+00,5.997001e-01,7.496252e-02,1.499250e-01,0.000000e+00,7.496252e-01
sps_nosym_soc_Epinions1,,,,,,,,,,,,,,,,,,,,,,,,,,,,,,,,,,,,,,,,,,,,,,,,,,,,,,,,,,,,,,,,,,,,,,,,,,,,,,,,,,,,,1.000000e+00,9.749168e-01,9.611967e-01,5.094614e-01,9.852173e-03,1.022793e-01,,,,,,,,,,,,,,,,,,,,,,,,,,0.000000e+00,9.838430e-02,0.000000e+00,0.000000e+00,2.320816e-02,2.901020e-03,5.802039e-03,0.000000e+00,2.901020e-02
sps_nosym_soc_Slashdot0811,,,,,,,,,,,,,,,,,,,,,,,,,,,,,,,,,,,,,,,,,,,,,,,,,,,,,,,,,,,,,,,,,,,,,,,,,,,,,,,,,,,,,,1.000000e+00,9.613543e-01,4.732916e-01,8.829016e-03,1.032376e-01,,,,,,,,,,,,,,,,,,,,,,,,,,0.000000e+00,9.791813e-02,0.000000e+00,0.000000e+00,1.946650e-02,2.433313e-03,4.866625e-03,0.000000e+00,2.433313e-02
sps_nosym_soc_Slashdot0902,,,,,,,,,,,,,,,,,,,,,,,,,,,,,,,,,,,,,,,,,,,,,,,,,,,,,,,,,,,,,,,,,,,,,,,,,,,,,,,,,,,,,,,1.000000e+00,4.905253e-01,8.681129e-03,1.004034e-01,,,,,,,,,,,,,,,,,,,,,,,,,,0.000000e+00,9.551065e-02,0.000000e+00,0.000000e+00,1.919069e-02,2.398836e-03,4.797671e-03,0.000000e+00,2.398836e-02
sps_nosym_Stanford_Berkeley,,,,,,,,,,,,,,,,,,,,,,,,,,,,,,,,,,,,,,,,,,,,,,,,,,,,,,,,,,,,,,,,,,,,,,,,,,,,,,,,,,,,,,,,1.000000e+00,8.361877e-03,4.782103e-02,,,,,,,,,,,,,,,,,,,,,,,,,,0.000000e+00,5.435130e-02,0.000000e+00,0.000000e+00,2.348894e-02,2.936118e-03,5.872236e-03,0.000000e+00,2.936118e-02
sps_nosym_wb_cs_stanford,,,,,,,,,,,,,,,,,,,,,,,,,,,,,,,,,,,,,,,,,,,,,,,,,,,,,,,,,,,,,,,,,,,,,,,,,,,,,,,,,,,,,,,,,1.000000e+00,7.182600e-02,,,,,,,,,,,,,,,,,,,,,,,,,,0.000000e+00,8.942659e-02,0.000000e+00,0.000000e+00,3.020833e-01,3.431953e-01,6.863905e-01,0.000000e+00,2.416667e-01
sps_nosym_wiki_Vote,,,,,,,,,,,,,,,,,,,,,,,,,,,,,,,,,,,,,,,,,,,,,,,,,,,,,,,,,,,,,,,,,,,,,,,,,,,,,,,,,,,,,,,,,,1.000000e+00,,,,,,,,,,,,,,,,,,,,,,,,,,0.000000e+00,8.274040e-01,0.000000e+00,0.000000e+00,1.582645e-01,1.978306e-02,3.956612e-02,0.000000e+00,1.978306e-01
sps_sym_ca_AstroPh
sps_sym_ccc
sps_sym_copter2
sps_sym_delaunay_n15
sps_sym_fe_rotor
sps_sym_ford1
sps_sym_g3rmt3m3
sps_sym_jagmesh5
sps_sym_lock2232
sps_sym_lshp2614
sps_sym_lshp3466
sps_sym_net100
sps_sym_net75
sps_sym_onera_dual
sps_sym_pct20stif
sps_sym_pkustk11
sps_sym_pkustk12
sps_sym_rajat08
sps_sym_s4dkt3m2
sps_sym_shock_9
sps_sym_vsp_befref_fxm_2_4_air02
sps_sym_vsp_model1_crew1_cr42_south31
sps_sym_vsp_p0291_seymourl_iiasa
sps_sym_vsp_sctap1_2b_and_seymourl
sps_sym_vsp_vibrobox_scagr7_2c_rlfddd
trsp_chicago_road,,,,,,,,,,,,,,,,,,,,,,,,,,,,,,,,,,,,,,,,,,,,,,,,,,,,,,,,,,,,,,,,,,,,,,,,,,,,,,,,,,,,,,,,,,,,,,,,,,,,,,,,,,,,,,,,,,,,0.000000e+00,0.000000e+00,0.000000e+00,0.000000e+00,0.000000e+00,0.000000e+00,0.000000e+00,0.000000e+00,0.000000e+00
trsp_openflights,,,,,,,,,,,,,,,,,,,,,,,,,,,,,,,,,,,,,,,,,,,,,,,,,,,,,,,,,,,,,,,,,,,,,,,,,,,,,,,,,,,,,,,,,,,,,,,,,,,,,,,,,,,,,,,,,,,,,1.000000e+00,0.000000e+00,0.000000e+00,2.091134e-01,2.613917e-02,5.227835e-02,0.000000e+00,2.613917e-01
trsp_street_network_01_AL_cities_0107000_Birmingham,,,,,,,,,,,,,,,,,,,,,,,,,,,,,,,,,,,,,,,,,,,,,,,,,,,,,,,,,,,,,,,,,,,,,,,,,,,,,,,,,,,,,,,,,,,,,,,,,,,,,,,,,,,,,,,,,,,,,,0.000000e+00,0.000000e+00,0.000000e+00,0.000000e+00,0.000000e+00,0.000000e+00,0.000000e+00
trsp_street_network_01_AL_counties_01073_Jefferson,,,,,,,,,,,,,,,,,,,,,,,,,,,,,,,,,,,,,,,,,,,,,,,,,,,,,,,,,,,,,,,,,,,,,,,,,,,,,,,,,,,,,,,,,,,,,,,,,,,,,,,,,,,,,,,,,,,,,,,0.000000e+00,0.000000e+00,0.000000e+00,0.000000e+00,0.000000e+00,0.000000e+00
trsp_street_network_04_AZ_counties_04013_Maricopa,,,,,,,,,,,,,,,,,,,,,,,,,,,,,,,,,,,,,,,,,,,,,,,,,,,,,,,,,,,,,,,,,,,,,,,,,,,,,,,,,,,,,,,,,,,,,,,,,,,,,,,,,,,,,,,,,,,,,,,,1.000000e+00,1.250000e-01,2.500000e-01,0.000000e+00,8.000000e-01
trsp_street_network_06_CA_cities_0653000_Oakland,,,,,,,,,,,,,,,,,,,,,,,,,,,,,,,,,,,,,,,,,,,,,,,,,,,,,,,,,,,,,,,,,,,,,,,,,,,,,,,,,,,,,,,,,,,,,,,,,,,,,,,,,,,,,,,,,,,,,,,,,1.000000e+00,5.000000e-01,0.000000e+00,1.000000e-01
trsp_street_network_36_NY_cities_3651000_NewYork,,,,,,,,,,,,,,,,,,,,,,,,,,,,,,,,,,,,,,,,,,,,,,,,,,,,,,,,,,,,,,,,,,,,,,,,,,,,,,,,,,,,,,,,,,,,,,,,,,,,,,,,,,,,,,,,,,,,,,,,,,1.000000e+00,0.000000e+00,2.000000e-01
trsp_street_network_36_NY_counties_36081_Queens,,,,,,,,,,,,,,,,,,,,,,,,,,,,,,,,,,,,,,,,,,,,,,,,,,,,,,,,,,,,,,,,,,,,,,,,,,,,,,,,,,,,,,,,,,,,,,,,,,,,,,,,,,,,,,,,,,,,,,,,,,,0.000000e+00,0.000000e+00
trsp_street_network_48_TX_urbanizedAreas_22042_Dallas_FortWorth_Arlingto,,,,,,,,,,,,,,,,,,,,,,,,,,,,,,,,,,,,,,,,,,,,,,,,,,,,,,,,,,,,,,,,,,,,,,,,,,,,,,,,,,,,,,,,,,,,,,,,,,,,,,,,,,,,,,,,,,,,,,,,,,,,1.000000e+00
